"","","","",28/02/2015,31/03/2015,30/04/2015,31/05/2015,30/06/2015,31/07/2015,31/08/2015,30/09/2015,31/10/2015,30/11/2015,31/12/2015,31/01/2016,29/02/2016,31/03/2016,30/04/2016,31/05/2016,30/06/2016,31/07/2016,31/08/2016,30/09/2016,31/10/2016,30/11/2016,31/12/2016,31/01/2017,28/02/2017,31/03/2017,30/04/2017,31/05/2017,30/06/2017,31/07/2017,31/08/2017,30/09/2017,31/10/2017,30/11/2017,31/12/2017,31/01/2018,28/02/2018,31/03/2018,30/04/2018,31/05/2018,30/06/2018,31/07/2018,31/08/2018,30/09/2018,31/10/2018,30/11/2018,31/12/2018,31/01/2019,28/02/2019,31/03/2019,30/04/2019,31/05/2019,30/06/2019,31/07/2019,31/08/2019,30/09/2019,31/10/2019,30/11/2019,31/12/2019,31/01/2020
Aruba,AA,Florin,AWG,2.6952,2.7753,2.6406,2.6775,2.8268,2.7869,2.7986,2.794,2.7909,2.7647,2.7193,2.7234,2.5613,2.5878,2.5976,2.5378,2.6169,2.6263,2.3589,2.3718,2.32,2.2004,2.2194,2.2149,2.2094,2.229,2.233,2.2931,2.3179,2.2669,2.3344,2.2903,2.428,2.3574,2.3778,2.3997,2.5459,2.5022,2.5177,2.548,2.3881,2.3585,2.3358,2.3107,2.3544,2.3113,2.2872,2.2631,2.3381,2.3385,2.3607,2.3358,2.266,2.261,2.2374,2.1714,2.2345,2.3059,2.3113,2.3397
UAE,AE,Dirham ,AED,,,,5.4941,5.8005,5.7186,5.7426,5.733,5.7262,5.6733,5.5795,5.588,5.2556,5.3101,5.3299,5.2074,5.3697,5.3889,4.8404,4.8669,4.7607,4.5152,4.5542,4.5445,4.5336,4.5737,4.5819,4.7054,4.7562,4.6517,4.7902,4.6997,4.9822,4.8375,4.879,4.9239,5.2242,5.1345,5.1662,5.2285,4.9005,4.8396,4.7931,4.7417,4.8313,4.7427,4.6934,4.644,4.7978,4.7986,4.8443,4.793,4.6498,4.6397,4.5913,4.4557,4.5854,4.7317,4.7428,4.8012
Afghanistan,AF,Afghani ,AFN,87.29,87.96,,,,,,,,,,,,,,,,,,,,,,,,,,,,,,,,,,,,,,,,,,,,,,,,,,,,,,,,,,
Antigua,AG,E Caribbean Dollar ,XCD,4.0882,4.163,3.9831,4.0387,4.2639,4.2036,4.2213,4.2144,4.2097,4.1703,4.1017,4.1079,3.8634,3.9034,3.9181,3.8279,3.9473,3.9614,3.5581,3.5776,3.4994,3.3191,3.3477,3.341,3.3326,3.3622,3.3683,3.4588,3.4962,3.4194,3.5212,3.4546,3.6624,3.55,3.5866,3.6196,3.8402,3.7742,3.7976,3.8433,3.6022,3.5575,3.5232,3.4854,3.5513,3.4863,3.45,3.4136,3.5267,3.5273,3.5609,3.5232,3.4179,3.4105,3.3749,3.2752,3.3705,3.4781,3.4863,3.5292
Albania,AL,Lek ,ALL,184.15,189.07,196.9,194.66,194.75,195.0802,200.78,196.19,191.2,190.09,195.74,190.97,182.15,178.42,177.84,173.8,179.11,178.84,162.84,161.85,159.38,153.21,159.79,159.51,158.47,159.39,156.26,161.59,155.75,150.7073,150.08,143.32,151.4,149.41,150.56,150.06,153.42,149.71,148.17,148.73,144.38,143.38,141.29,139.8,142.57,141.38,139.53,136.03,143.2,143.31,145.56,143.74,138.85,137.03,136.66,132.48,136.78,142.6,142.96,143.53
Armenia,AM,Dram ,AMD,727.13,736.92,709.98,706.43,760.7662,742.052,750.34,746.18,749.25,730.16,731.86,737.58,693.61,717.13,705.35,683.86,698.81,698.35,628.01,628.52,613.77,584.32,594.3,594.79,600.69,605.96,603.18,621.91,624.31,608.4523,624.09,612.3,648.69,634.13,642.59,645.55,683.79,671.61,674.61,684.66,643.7,635.1,626.74,623.37,635.93,625.8,618.82,612.61,633.59,636.98,640.83,630.79,607.17,603.83,594.95,577.33,594.48,613.16,615.87,624.19
Angola,AO,Readj Kwanza ,AOA,156.68,161.91,157.55,163.56,172.95,184.0729,196.36,196.67,210.21,208.59,205.27,205.87,222.51,228.07,230.47,234.96,242.29,243.15,218.4,219.61,214.81,203.74,205.51,205.09,204.58,206.4,206.79,212.54,214.84,210.1246,216.38,212.29,225.06,218.52,220.4,222.43,288.06,293.35,301.97,308.21,312.06,324.93,330.86,351.9,375.84,393.96,396.62,389.84,405.47,409.83,418.41,416.31,416.31,429.81,434.55,439.12,458.67,586.4,600.74,598.72
Argentina,AR,Peso ,ARS,13.02,13.32,12.9113,13.34,13.93,14.2044,14.31,14.46,14.29,14.69,14.66,14.69,19,21.39,20.38,20.5,20.62,20.33,19.68,19.73,19.61,18.69,19.22,19.6,19.72,19.26,19.43,19.71,20.84,20.7982,22.62,21.99,23.25,22.82,23.1831,23.81,27.78,27.79,28.5,28.67,32.65,36.59,36.13,39.04,51.85,47.1,46.32,48.39,49.0445,52.93,54.1,53.97,56.49,54.96,53.5296,66.72,70.55,75.86,77.1,78.18
Austria,AT,Euro ,EUR,1.3008,1.3481,1.3798,,,,,,,,,,,,,,,,,,,,,,,,,,,,,,,,,,,,,,,,,,,,,,,,,,,,,,,,,
Australia,AU,Dollar ,AUD,1.8385,1.9686,1.9188,1.9379,1.9748,2.0493,2.1189,2.1365,2.1701,2.1428,2.1482,2.0859,2.0442,1.9969,1.8736,1.8445,2.01,1.9674,1.7602,1.741,1.7116,1.5983,1.678,1.7066,1.6317,1.621,1.6258,1.7062,1.7352,1.6771,1.6426,1.6203,1.6812,1.6807,1.7512,1.7489,1.7621,1.782,1.825,1.8272,1.767,1.7867,1.7683,1.756,1.8108,1.8244,1.7594,1.7617,1.8315,1.8231,1.8608,1.8173,1.8412,1.8389,1.7909,1.7869,1.8247,1.8821,1.8977,1.905
Azerbaijan,AZ,New Manat ,AZN,1.1877,1.21,1.5439,1.5734,1.6561,1.6338,1.6432,1.6385,1.6476,1.616,1.5899,1.5923,2.2397,2.2963,2.3454,2.1514,2.1931,2.2472,2.0742,2.1741,2.1325,1.9816,2.1525,2.2128,2.2797,2.2035,2.127,2.149,2.2013,2.153,2.1986,2.1751,2.306,2.2369,2.2582,2.265,2.403,2.3599,2.3946,2.422,2.2701,2.2419,2.2203,2.19,2.2314,2.1905,2.1678,2.1449,2.216,2.2163,2.2374,2.2138,2.1476,2.1429,2.1205,2.0579,2.1178,2.1854,2.1905,2.2175
Bosnia- Herzegovinia,BA,Marka ,BAM,2.5623,2.6452,2.7423,2.7152,2.6996,2.7022,2.8174,2.7476,2.6804,2.6553,2.7687,2.706,2.5554,2.5147,2.5136,2.4544,2.5349,2.546,2.3411,2.3038,2.2755,2.1922,2.3025,2.3197,2.2575,2.3034,2.2589,2.3384,2.2645,2.2229,2.2145,2.118,2.2116,2.1873,2.2043,2.2066,2.2466,2.2192,2.2424,2.2493,2.2294,2.2257,2.1921,2.1769,2.2045,2.216,2.1934,2.1649,2.2452,2.2514,2.2722,2.2581,2.2197,2.2027,2.194,2.1387,2.2076,2.2665,2.2821,2.2977
Barbados,BB,Dollar ,BBD,3.0283,3.0837,2.9504,2.9916,3.1584,3.1138,3.1269,3.1218,3.1183,3.0891,3.0383,3.0429,2.8618,2.8914,2.9023,2.8355,2.9239,2.9344,2.6356,2.6501,2.5922,2.4586,2.4798,2.4748,2.4686,2.4905,2.495,2.5621,2.5898,2.5329,2.6083,2.559,2.7129,2.634,2.6567,2.6812,2.8446,2.7957,2.813,2.8469,2.6683,2.6352,2.6098,2.5818,2.6306,2.5824,2.5556,2.5286,2.6124,2.6128,2.6377,2.6098,2.5318,2.5263,2.4999,2.4261,2.4967,2.5764,2.5824,2.6142
Bangladesh,BD,Taka ,BDT,116.57,119.1,114.77,116.33,122.8779,121.0961,121.59,121.39,121.29,120.12,119.02,120.12,112.29,113.55,113.73,111.14,114.58,114.99,103.4,103.88,101.65,96.41,98.36,97.35,97.69,99.8,100.17,104.98,104.29,102.0504,105.44,103.89,111.19,108.57,111.78,111.5,118.44,116.65,116.85,118.18,111.86,111.2,109.27,108.37,110.33,108.22,107.17,106.2,109.65,109.91,111.09,110.09,107.09,106.73,105.83,102.39,105.38,109.08,109.53,111.1
Belgium,BE,Euro ,EUR,1.3008,1.3481,1.3798,,,,,,,,,,,,,,,,,,,,,,,,,,,,,,,,,,,,,,,,,,,,,,,,,,,,,,,,,
Bulgaria,BG,Lev ,BGN,2.5612,2.6458,2.7423,2.7152,2.7,2.7025,2.8177,2.7476,2.6802,2.6555,2.769,2.7059,2.5555,2.5149,2.514,2.4544,2.5349,2.5462,2.3411,2.3041,2.2757,2.1923,2.3026,2.3199,2.2577,2.3035,2.2589,2.3384,2.2647,2.2231,2.2147,2.1185,2.2116,2.1875,2.2044,2.2067,2.2467,2.2193,2.2425,2.2494,2.2297,2.2257,2.1921,2.1769,2.2044,2.216,2.1933,2.1649,2.2451,2.2516,2.2722,2.2581,2.2198,2.2029,2.194,2.1387,2.2076,2.2665,2.2821,2.2978
Bahrain,BH,Dinar ,BHD,0.5709,0.5814,0.5562,0.5638,0.5954,0.587,0.5895,0.5888,0.5882,0.5828,0.5731,0.574,0.5395,0.5452,0.5472,0.5346,0.5512,0.5534,0.4974,0.4996,0.4886,0.4635,0.4674,0.4666,0.4653,0.4695,0.4703,0.483,0.4882,0.4778,0.4919,0.4824,0.5117,0.4964,0.5019,0.5054,0.5362,0.527,0.5303,0.5366,0.5038,0.4979,0.492,0.4872,0.4959,0.4867,0.4817,0.4766,0.4924,0.4925,0.4971,0.4919,0.4772,0.4762,0.4712,0.4573,0.4706,0.4856,0.4868,0.4928
Burundi,BI,Franc ,BIF,2343.9,2397.58,2316.07,2348.4,2473.272,2427.6818,2554.99,2450.59,2430.85,2424.93,2368.66,2375.2,2246.51,2254.05,2263.64,2210.84,2283.34,2463.28,2184.36,2220.77,2164.44,2060.49,2073.11,2091.19,2070.04,2102.18,2109.5,2169.99,2227.22,2188.3969,2277.05,2229.85,2376.49,2311.33,2329.55,2354.47,2501.5,2459.59,2475.82,2538.41,2374.79,2339.82,2329.25,2313.92,2349.13,2340.84,2296.56,2303.47,2372.05,2378.96,2405.42,2387.91,2321.46,2319.77,2299.02,2236.71,2328.16,2408.92,2421.65,2455.03
Benin,BJ,CFA Franc ,XOF,857.713,885.432,919.71,910.64,905.4197,906.2988,944.9,921.49,898.94,890.52,928.57,907.52,857.02,843.39,843.01,823.17,850.19,853.89,785.15,772.66,763.17,735.23,772.23,777.99,757.13,772.52,757.58,784.27,759.47,745.5222,742.69,710.36,741.72,733.57,739.27,740.06,753.48,744.29,752.07,754.39,747.73,746.45,735.2,730.07,739.34,743.22,735.62,726.07,752.97,755.08,762.07,757.31,744.46,738.77,735.81,717.27,740.41,760.16,795.38,770.63
Burkina Faso,BK,CFA Franc ,XOF,857.713,885.432,919.71,910.64,905.4197,906.2988,944.9,921.49,898.94,890.52,928.57,907.52,857.02,843.39,843.01,823.17,850.19,853.89,785.15,772.66,763.17,735.23,772.23,777.99,757.13,772.52,757.58,784.27,759.47,745.5222,742.69,710.36,741.72,733.57,739.27,740.06,753.48,744.29,752.07,754.39,747.73,746.45,735.2,730.07,739.34,743.22,735.62,726.07,752.97,755.08,762.07,757.31,744.46,738.77,735.81,717.27,740.41,760.16,795.38,770.63
Bermuda,BM,Dollar (US) ,BMD,1.512,1.5383,1.4686,1.504,1.555,1.5711,1.5634,1.5648,1.523,1.546,1.521,1.5003,1.4144,1.4318,1.411,1.4403,1.4619,1.4672,1.3178,1.325,1.2961,1.2293,1.2399,1.2374,1.2343,1.2453,1.2475,1.281,1.2949,1.2664,1.3042,1.2795,1.3564,1.317,1.3284,1.3406,1.4223,1.3979,1.4065,1.4234,1.3342,1.3176,1.3049,1.2909,1.3153,1.2912,1.2778,1.2643,1.3062,1.3064,1.3188,1.3049,1.2659,1.2632,1.25,1.213,1.2483,1.2882,1.2912,1.3071
Brunei,BN,Dollar ,BND,2.007,2.0921,2.0522,2.0137,2.0838,2.0922,2.1359,2.1942,2.1749,2.1338,2.164,2.1499,2.0606,2.0204,1.9692,1.9254,2.014,1.9691,1.7892,1.7964,1.7625,1.7052,1.7785,1.7859,1.7544,1.7717,1.7445,1.7907,1.7984,1.7619,1.7844,1.7418,1.8224,1.7884,1.7929,1.8031,1.8616,1.8454,1.8531,1.8646,1.795,1.7894,1.7823,1.7643,1.8021,1.782,1.7537,1.7309,1.776,1.7846,1.7808,1.7649,1.7459,1.7258,1.7049,1.6781,1.7154,1.7561,1.7578,1.7713
Bolivia,BO,Boliviano ,BOB,10.47,10.65,10.19,10.336,10.8965,10.7426,10.78,10.75,10.75,10.67,10.48,10.51,9.8875,9.9608,9.9113,9.7825,10.06,10.1,9.1389,9.1892,8.9819,8.5252,8.5925,8.5937,8.5537,8.6296,8.6203,8.8521,8.9478,8.7512,9.0117,8.8413,9.3731,9.1005,9.1789,9.2636,9.828,9.6592,9.719,9.836,9.219,9.1046,9.0169,8.9202,9.0888,8.9222,8.8295,8.7363,9.0258,9.0273,9.1132,9.0169,8.7474,8.7284,8.6372,8.3822,8.6261,8.9014,8.9222,9.0321
Brazil,BR,Real ,BRL,3.9326,4.3555,4.81,4.5252,4.7261,4.8731,5.0242,5.4726,6.2884,6.1072,5.7483,5.9232,5.7247,5.6993,5.1887,5.1005,5.1669,4.9889,4.2716,4.2823,4.203,3.8965,4.2371,4.1276,3.9721,3.8135,3.8494,4.0181,4.2236,4.2112,4.1145,4.0383,4.2435,4.1728,4.3121,4.4137,4.5276,4.5523,4.624,4.8142,4.8699,4.9419,5.0198,5.2733,5.4364,4.8019,4.8461,4.8927,4.9631,4.853,439943,5.1227,5.0867,4.8945,4.6988,4.892,5.1205,5.2385,5.4218,5.2977
Bahamas,BS,Dollar,BSD,1.512,1.5383,1.4686,1.504,1.555,1.5711,1.5634,1.5648,1.523,1.546,1.521,1.5003,1.4144,1.4318,1.411,1.4403,1.4619,1.4672,1.3178,1.325,1.2961,1.2293,1.2399,1.2374,1.2343,1.2453,1.2475,1.281,1.2949,1.2664,1.3042,1.2795,1.3564,1.317,1.3284,1.3406,1.4223,1.3979,1.4065,1.4234,1.3342,1.3176,1.3049,1.2909,1.3153,1.2912,1.2778,1.2643,1.3062,1.3064,1.3188,1.3049,1.2659,1.2632,1.25,1.213,1.2483,1.2882,1.2912,1.3071
Bhutan,BT,Ngultrum ,BTN,93.11,95.72,92.1006,94.54,99.31,100.8013,99.41,101.95,100.6,100.76,100.86,100.19,95.67,97.95,94.1,95.36,97.92,99.06,88.55,88.93,86.85,81.98,84.94,83.99,84,83.3,81.64,82.72,83.87,81.6972,83.88,82.04,87.18,85.75,86.26,85.91,90.56,90.5,91.71,93.4,91.25,89.7,89.56,90.15,95.39,94.52,91.34,89.01,93.19,92.94,90.79,90.82,88.19,88.02,86.2265,86.79,88.93,91.35,92.72,92.77
Botswana,BW,Pula ,BWP,14.56,14.85,14.96,14.83,15.2728,15.538,15.64,15.82,16.01,15.79,16.46,17.24,16.72,16.3,16.04,15.34,16.38,15.87,14.1699,14.05,13.59,13.09,13.4,13.34,13.01,12.97,12.7,13.37,13.26,13.0293,13.23,13.06,13.79,13.6,13.83,13.37,13.64,13.26,13.53,13.62,13.28,13.66,13.4,13.72,14.1431,13.89,13.5,13.45,13.77,13.8,14.1,13.79,13.61,13.62,13.213,13.41,13.55,13.94,14.06,13.99
Belarus,BY,Rouble ,BYN,,,,,,,,,,,,,,,,,,,,,,,,2.4841,2.4778,2.4998,2.5044,2.5717,2.5995,2.5424,2.6181,2.5686,2.7231,2.6439,2.6667,2.6913,2.7580,2.7349,2.7571,2.8775,2.667,2.6391,2.5928,2.6405,2.7621,2.7154,2.6904,2.698,2.8142,2.8,2.7766,2.7312,2.63,2.6037,2.5331,2.4901,2.5602,2.6309,2.6425,2.754
Belarus,BY,Rouble ,BYR,22671,23287,22275.68,21315.14,22424.74,23820.6969,23760.58,24978.2,27277.16,26604.8,27154.94,27751.18,28403.44,31848.65,29385.74,28284.3,28383.69,29028.58,2.6455,2.66,2.6019,2.4678,2.4891,,,,,,,,,,,,,,,,,,,,,,,,,,,,,,,,,,,,,
Belize,BZ,Dollar ,BZD,3.0242,3.0794,2.943,2.9841,3.1505,3.1294,3.1425,3.1452,3.1105,3.0814,3.0307,3.0353,2.8546,2.8842,2.895,2.8284,2.9166,2.9491,2.629,2.6633,2.5857,2.4709,2.4922,2.4686,2.4809,2.503,2.5075,2.5605,2.5882,2.5313,2.6067,2.5574,2.7112,2.6324,2.6551,2.6795,2.8428,2.794,2.8113,2.8451,2.6666,2.6335,2.6082,2.5802,2.629,2.5808,2.554,2.527,2.6108,2.6112,2.6377,2.6098,2.5318,2.5263,2.4999,2.4261,2.4967,2.5764,2.5824,2.6142
Canada,CA,Dollar,CAD,1.8251,1.909,1.8756,1.8427,1.9017,1.9354,2.0363,2.0555,2.0236,2.0247,2.0296,2.0746,2.0539,1.9606,1.8631,1.8239,1.8916,1.8799,1.7171,1.7153,1.7119,1.5999,1.6737,1.6579,1.6162,1.6296,1.665,1.7219,1.7406,1.6829,1.6426,1.6076,1.6619,1.6434,1.6905,1.7231,1.7562,1.7702,1.8224,1.7929,1.7185,1.7515,1.7251,1.6819,1.7047,1.68,1.6988,1.6965,1.7446,1.7207,1.7578,1.739,1.6973,1.6876,1.6413,1.6113,1.6559,1.687,1.7168,1.7143
Central African Republic,CF,CFA Franc ,XAF,857.713,885.432,919.71,910.64,905.4197,906.2988,944.9,921.49,898.94,890.52,928.57,907.52,857.02,843.39,843.01,823.17,850.19,853.89,785.15,772.66,763.17,735.23,772.23,777.99,757.13,772.52,757.58,784.27,759.47,745.5222,742.69,710.36,741.72,733.57,739.27,740.06,753.48,744.29,752.07,754.39,747.73,746.45,735.2,730.07,739.34,743.22,735.62,726.07,752.97,755.08,762.07,757.31,744.46,738.77,735.81,717.27,740.41,760.16,795.38,770.63
Congo (Brazaville),CG,CFA Franc ,XAF,857.713,885.432,919.71,910.64,905.4197,906.2988,944.9,921.49,898.94,890.52,928.57,907.52,857.02,843.39,843.01,823.17,850.19,853.89,785.15,772.66,763.17,735.23,772.23,777.99,757.13,772.52,757.58,784.27,759.47,745.5222,742.69,710.36,741.72,733.57,739.27,740.06,753.48,744.29,752.07,754.39,747.73,746.45,735.2,730.07,739.34,743.22,735.62,726.07,752.97,755.08,762.07,757.31,744.46,738.77,735.81,717.27,740.41,760.16,795.38,770.63
Switzerland,CH,Franc ,CHF,1.2973,1.4421,1.4611,1.4523,1.4604,1.461,1.5048,1.52,1.4919,1.4791,1.5502,1.4811,1.4194,1.4219,1.3735,1.3907,1.435,1.4062,1.2995,1.2821,1.266,1.2161,1.2618,1.2698,1.2363,1.2557,1.2348,1.2786,1.2647,1.2345,1.2446,1.2346,1.3047,1.293,1.3062,1.32,1.3452,1.3097,1.342,1.3767,1.3259,1.3108,1.3046,1.2689,1.2729,1.2886,1.272,1.2551,1.3006,1.3059,1.3157,1.3166,1.2775,1.2574,1.2315,1.19,1.2426,1.2758,1.2815,1.2826
Cote d'Ivoire,CI,CFA Franc,XOF,857.713,885.432,919.71,910.64,905.4197,906.2988,944.9,921.49,898.94,890.52,928.57,907.52,857.02,843.39,843.01,823.17,850.19,853.89,785.15,772.66,763.17,735.23,772.23,777.99,757.13,772.52,757.58,784.27,759.47,745.5222,742.69,710.36,741.72,733.57,739.27,740.06,753.48,744.29,752.07,754.39,747.73,746.45,735.2,730.07,739.34,743.22,735.62,726.07,752.97,755.08,762.07,757.31,744.46,738.77,735.81,717.27,740.41,760.16,795.38,770.63
Chile,CL,Peso ,CLP,950.22,954.02,943.32,917.22,942.6907,981.4184,1008.63,1068.42,1054.05,1040.18,1069.56,1079.1,1046.59,1024.66,979.88,946.03,1010.02,991.7,858.04,889.68,863.8,819.87,844.36,830.99,813.88,796.35,827.11,831.72,875.05,841.3584,853.34,821.25,842.7,823.27,842.8355,832.28,857.21,831.13,852.46,845.3,834.64,843.66,856.68,851.27,897.56,889.29,885.34,869.65,878.43,853.02,878.09,860.54,882.96,878.3,866.017,861.87,894.7,936.06,1025.97,982.17
Cameroon Republic,CM,CFA Franc ,XAF,857.713,885.432,919.71,910.64,905.4197,906.2988,944.9,921.49,898.94,890.52,928.57,907.52,857.02,843.39,843.01,823.17,850.19,853.89,785.15,772.66,763.17,735.23,772.23,777.99,757.13,772.52,757.58,784.27,759.47,745.5222,742.69,710.36,741.72,733.57,739.27,740.06,753.48,744.29,752.07,754.39,747.73,746.45,735.2,730.07,739.34,743.22,735.62,726.07,752.97,755.08,762.07,757.31,744.46,738.77,735.81,717.27,740.41,760.16,795.38,770.63
China,CN,Yuan,CNY,9.4108,9.6342,9.2704,9.2706,9.8007,9.6654,9.7083,9.9769,9.9228,9.8123,9.6831,9.8214,9.4253,9.4975,9.3927,9.1893,9.5547,9.6524,8.8003,8.8129,8.6466,8.2846,8.5463,8.6015,8.4354,8.552,8.5914,8.8225,8.9229,8.6487,8.8102,8.526,8.9176,8.7192,8.7889,8.8212,9.0852,8.8682,8.9049,8.9469,8.5191,8.5255,8.7618,8.8375,9.0131,8.9611,8.8669,8.718,8.8658,8.7848,8.8352,8.7255,8.7392,8.7207,8.5901,8.568,8.8482,9.1131,9.0861,9.1492
Colombia,CO,Peso ,COP,3584.75,3666.5,3936.2,3736.72,3815.4789,3947.8442,4297.15,4652.38,4648.18,4445.35,4681.54,5022.29,4711.24,4929.09,4468.32,4255.14,4430.04,4372.47,3859.83,3904.94,3753.35,3576.17,3965.18,3711.36,3623.09,3582.75,3656.81,3647.46,3760.1,3866.9476,3926.02,3824.54,3927.74,3869.55,3964.78,3964.53,4002.43,4016.74,4006.49,3842.53,3821.31,3850.13,3765.96,3825.72,3973.85,4069.13,4091.47,4066.94,4113.85,4069.3,4074.25,4121.51,4227,4106.93,3986.42,4115.47,4221.1,4388.79,4439.91,4341.16
Costa Rica,CR,Colon ,CRC,812.92,830.75,787.03,793.37,839.7423,832.7885,833.78,832.46,830,825.23,809.58,808.29,763.72,773.79,774.85,757.69,783.35,799.33,720.03,728.8,713.11,678.96,683.8,682.31,678.46,696.03,695.78,718.98,762.24,723.1355,746.19,735.2,781.55,750.59,751.27,758.97,809.46,796.17,794.59,803.22,752.34,747.54,740.35,733.14,760.14,765.89,766.92,756.47,787.08,795.84,786.34,777.52,744.07,737.82,716.47,685.04,721.23,749.53,739.99,739.61
Cuba,CU,Peso ,CUP,1.514,1.542,1.4752,1.4958,1.5792,1.5569,1.5635,1.5609,1.5591,1.5445,1.5192,1.5214,1.4309,1.4457,1.4511,1.4178,1.4619,1.4672,1.3178,1.325,1.2961,1.2293,1.2399,1.2374,1.2343,1.2453,1.2475,1.281,1.2949,1.2664,1.3042,1.2795,1.3564,1.317,1.3284,1.3406,1.4223,1.3979,1.4065,1.4234,1.3342,1.3176,1.3049,1.2909,1.3153,1.2912,1.2778,1.2643,1.3062,1.3064,1.3188,1.3049,1.2659,1.2632,1.25,1.213,1.2483,1.2882,1.2912,1.3071
Cape Verde Islands,CV,Escudo ,CVE,141.3,147.4,179.04,152.94,151.2089,152.8102,158.88,155.15,151.23,149.24,155.86,151.61,144.64,141.46,141.45,138.58,142.83,143.65,132.24,129.92,127.6,123.39,130.25,131.06,127.81,130,127.8,132.39,128.13,125.8533,124.67,119.76,125.13,123.66,124.99,125.17,127.22,125.45,126.76,127.25,126.07,125.83,123.97,123.55,124.36,124.6,124.09,122.27,127.19,127.53,128.16,127.89,125.63,124.64,124.06,120.47,124.63,128.17,129.05,130.12
Cyprus,CY,Euro ,EUR,1.3008,1.3481,1.3798,,,,,,,,,,,,,,,,,,,,,,,,,,,,,,,,,,,,,,,,,,,,,,,,,,,,,,,,,
Czech Republic,CZ,Koruna ,CZK,36.5,37.3,38.2,38.11,37.8079,37.7189,38.95,37.95,37.09,36.76,38.26,37.38,35.3,34.77,34.74,33.91,35.02,35.24,32.34,31.82,31.43,30.28,31.81,32.04,31.18,31.8223,31.2,32.08,30.62,29.9183,29.52,28.29,29.5,28.76,28.7,28.94,29.14,28.74,29.12,29.1,29.46,29.41,28.97,28.62,28.72,29.28,29.16,28.5,29.47,29.53,29.78,29.63,29.28,28.88,28.62,28.21,29.23,29.69,29.79,29.93
Germany,DE,Euro ,EUR,1.3008,1.3481,1.3798,,,,,,,,,,,,,,,,,,,,,,,,,,,,,,,,,,,,,,,,,,,,,,,,,,,,,,,,,
Abu Dhabi,DH,Dirham ,AED,5.5587,5.663,5.4185,5.4941,5.8005,5.7186,5.7426,5.733,5.7262,5.6733,5.5795,5.588,5.2556,5.3101,5.3299,5.2074,5.3697,5.3889,4.8404,4.8669,4.7607,4.5152,4.5542,4.5445,4.5336,4.5737,4.5819,4.7054,4.7562,4.6517,4.7902,4.6997,4.9822,4.8375,4.879,4.9239,5.2242,5.1345,5.1662,5.2285,4.9005,4.8396,4.7931,4.7417,4.8313,4.7427,4.6934,4.644,4.7978,4.7986,4.8443,4.793,4.6498,4.6397,4.5913,4.4557,4.5854,4.7317,4.7428,4.8012
Djibouti,DJ,Franc ,DJF,275.58,280.46,262.17,265.83,280.6563,276.6931,277.85,277.4,277.09,274.49,269.98,270.39,254.29,256.92,257.89,251.96,259.81,260.75,234.19,235.48,230.34,218.47,220.35,219.9,219.35,221.3,221.7,227.66,230.12,225.0731,231.77,227.39,241.06,234.05,236.07,238.25,252.76,248.42,249.96,252.97,237.1,234.16,231.9,229.41,233.75,229.47,227.08,224.69,232.13,232.17,234.38,231.9,224.97,224.48,222.14,215.58,221.85,228.93,229.47,232.29
Denmark,DK,Krone ,DKK,9.664,10.04,10.2848,10.46,10.45,10.4301,10.71,10.56,10.1948,10.15,10.65,10.22,9.68,9.59,9.41,9.4583,9.6388,9.6798,8.9046,8.769,8.6729,8.3409,8.7579,8.8187,8.5831,8.7552,8.5903,8.8945,8.6169,8.4546,8.4196,8.0552,8.4144,8.3243,8.3874,8.399,8.5527,8.4505,8.5401,8.5659,8.4919,8.4819,8.355,8.3008,8.4078,8.4535,8.3679,8.2659,8.5708,8.5891,8.67,8.6188,8.4763,8.4099,8.3741,8.153,8.4291,8.6574,8.7198,8.7784
Dominica,DM,E Caribbean Dollar ,XCD,4.0882,4.163,3.9831,4.0387,4.2639,4.2036,4.2213,4.2144,4.2097,4.1703,4.1017,4.1079,3.8634,3.9034,3.9181,3.8279,3.9473,3.9614,3.5581,3.5776,3.4994,3.3191,3.3477,3.341,3.3326,3.3622,3.3683,3.4588,3.4962,3.4194,3.5212,3.4546,3.6624,3.55,3.5866,3.6196,3.8402,3.7742,3.7976,3.8433,3.6022,3.5575,3.5232,3.4854,3.5513,3.4863,3.45,3.4136,3.5267,3.5273,3.5609,3.5232,3.4179,3.4105,3.3749,3.2752,3.3705,3.4781,3.4863,3.5292
Dominican Republic,DO,Peso ,DOP,67.53,69.23,65.95,66.96,70.8116,69.8895,69.98,70.33,70.42,69.92,68.71,69.3,64.84,66,66.44,64.99,67.11,67.38,60.55,60.96,59.82,56.78,57.55,57.37,57.62,58.22,59,60.63,61.06,59.8777,61.61,60.5,64.73,62.99,63.89,64.85,69.12,68.71,69.67,70.52,66.16,65.37,64.39,63.83,65.19,64.22,63.72,63.77,65.47,66.11,66.74,66.05,64.19,64.3,63.8351,61.77,64.6,68.13,68.4,69.38
Dubai,DU,Dirham ,AED,5.5587,5.663,5.4185,5.4941,5.8005,5.7186,5.7426,5.733,5.7262,5.6733,5.5795,5.588,5.2556,5.3101,5.3299,5.2074,5.3697,5.3889,4.8404,4.8669,4.7607,4.5152,4.5542,4.5445,4.5336,4.5737,4.5819,4.7054,4.7562,4.6517,4.7902,4.6997,4.9822,4.8375,4.879,4.9239,5.2242,5.1345,5.1662,5.2285,4.9005,4.8396,4.7931,4.7417,4.8313,4.7427,4.6934,4.644,4.7978,4.7986,4.8443,4.793,4.6498,4.6397,4.5913,4.4557,4.5854,4.7317,4.7428,4.8012
Algeria,DZ,Dinar ,DZD,133.65,145.05,143.6,146.8,154.75,153.248,156.63,164.13,164.5,163.03,163.94,162.49,153.45,152.77,159.8,154.31,160.69,161.16,145.94,144.51,141.76,135.66,137.73,137.51,135.32,137.19,136.24,140.6,140.67,137.8358,142.11,140.55,151.06,150.47,152.51,154.39,161.66,159.42,160.9,162.25,155.36,155.06,153.91,152.51,155.25,153.89,151.54,149.82,154.92,154.99,156.52,155.49,151.68,150.99,149.64,145.5,149.85,154.07,154.86,156.25
Ecuador,EC,Dollar ,ECS,1.512,1.5383,1.4686,1.504,1.555,1.5711,1.5634,1.5648,1.523,1.546,1.521,1.5003,1.4144,1.4318,1.411,1.4403,1.4619,1.4672,1.3178,1.325,1.2961,1.2293,1.2399,1.2374,1.2343,1.2453,1.2475,1.281,1.2949,1.2664,1.3042,1.2795,1.3564,1.317,1.3284,1.3406,1.4223,1.3979,1.4065,1.4234,1.3342,1.3176,1.3049,1.2909,1.3153,1.2912,1.2778,1.2643,1.3062,1.3064,1.3188,1.3049,1.2659,1.2632,1.25,1.213,1.2483,1.2882,1.2912,1.3071
Estonia,EE,Euro,EUR,1.3008,1.3481,1.3798,,,,,,,,,,,,,,,,,,,,,,,,,,,,,,,,,,,,,,,,,,,,,,,,,,,,,,,,,
Egypt,EG,Pound ,EGP,10.9,11.76,11.25,11.37,12.0168,11.8814,12.23,12.21,12.2,12.25,11.89,11.91,11.2,11.31,12.89,12.58,12.98,13.02,11.7,11.75,11.5,10.91,21.7,23.54,23.32,20.54,22.44,23.26,23.45,22.9715,23.39,22.69,23.92,23.23,23.5,23.96,25.16,24.74,24.79,25.2,23.89,23.56,23.35,23.06,23.55,23.12,22.94,22.64,23.35,22.94,22.78,22.51,21.44,21.15,20.7607,20.13,20.4,20.85,20.78,20.98
Eritrea,ER,Nakfa ,ERN,22.86,23.28,22.12,22.43,23.6881,23.3536,23.45,23.41,23.38,23.16,22.78,22.82,21.46,21.68,21.76,21.26,21.92,22,19.76,19.87,19.44,18.43,18.59,18.56,18.51,18.67,18.71,19.21,19.42,18.9967,19.56,19.19,20.34,19.75,19.92,20.1,21.33,20.96,21.09,21.35,20.01,19.76,19.57,19.36,19.72,19.36,19.16,18.96,19.59,19.59,19.78,19.57,18.98,18.94,18.7493,18.19,18.72,19.32,19.36,19.6
Spain,ES,Euro ,EUR,1.3008,1.3481,1.3798,,,,,,,,,,,,,,,,,,,,,,,,,,,,,,,,,,,,,,,,,,,,,,,,,,,,,,,,,
Ethiopia,ET,Birr ,ETB,30.89,31.55,30.07,30.62,32.4456,32.073,32.39,32.45,32.58,32.38,31.96,32.14,30.36,30.74,30.97,30.52,31.65,31.92,29.05,29.31,28.72,27.32,27.85,27.8,27.88,28.19,28.46,29.32,29.86,29.343,30.35,29.91,31.83,35.69,36.22,36.62,38.9,38.24,38.49,38.96,36.53,36.09,35.82,35.59,36.42,35.87,35.6,35.54,36.95,37.15,37.54,37.45,36.52,36.44,36.06,35.49,36.65,38.04,38.84,41.43
Eurozone,EU,Euro ,EUR,,,,,,,1.4354,1.4154,1.3665,1.3616,1.4286,1.371,1.2978,1.286,1.2626,1.2708,1.2961,1.3017,1.197,1.1779,1.1635,1.1209,1.1773,1.186,1.1542,1.1777,1.1549,1.1956,1.1578,1.1365,1.1322,1.0829,1.1307,1.1183,1.127,1.1282,1.1487,1.1347,1.1465,1.1501,1.1399,1.138,1.1208,1.113,1.1271,1.133,1.1215,1.1069,1.1479,1.1511,1.1618,1.1545,1.1349,1.1263,1.1217,1.0935,1.1288,1.1589,1.1668,1.1748
European Community,EU,Euro ,EUR,1.3008,1.3481,1.3798,1.4025,1.4011,1.3986,,,,,,,,,,,,,,,,,,,,,,,,,,,,,,,,,,,,,,,,,,,,,,,,,,,,,,
Finland,FI,Euro ,EUR,1.3008,1.3481,1.3798,,,,,,,,,,,,,,,,,,,,,,,,,,,,,,,,,,,,,,,,,,,,,,,,,,,,,,,,,
Fiji Islands,FJ,Dollar ,FJD,2.9213,3.166,3.07,3.0441,3.1776,3.2314,3.3436,3.3324,3.3675,3.2703,3.2854,3.244,3.1147,3.0964,3.0219,2.9445,3.0856,3.0491,2.7431,2.7153,2.6652,2.5345,2.6051,2.6347,2.5637,2.5655,2.5858,2.6507,2.6871,2.6011,2.6456,2.5966,2.7206,2.6918,2.752,2.7556,2.8475,2.8075,2.8606,2.871,2.7548,2.7461,2.7317,2.7092,2.7891,2.7784,2.7041,2.6938,2.776,2.7728,2.8124,2.7821,2.7404,2.728,2.6838,2.6386,2.7137,2.8117,2.8208,2.8388
France,FR,Euro ,EUR,1.3008,1.3481,1.3798,,,,,,,,,,,,,,,,,,,,,,,,,,,,,,,,,,,,,,,,,,,,,,,,,,,,,,,,,
Gabon,GA,CFA Franc ,XAF,857.713,885.432,919.71,910.64,905.4197,906.2988,944.9,921.49,898.94,890.52,928.57,907.52,857.02,843.39,843.01,823.17,850.19,853.89,785.15,772.66,763.17,735.23,772.23,777.99,757.13,772.52,757.58,784.27,759.47,745.5222,742.69,710.36,741.72,733.57,739.27,740.06,753.48,744.29,752.07,754.39,747.73,746.45,735.2,730.07,739.34,743.22,735.62,726.07,752.97,755.08,762.07,757.31,744.46,738.77,735.81,717.27,740.41,760.16,795.38,770.63
Grenada,GD,E Caribbean Dollar ,XCD,4.0882,4.163,3.9831,4.0387,4.2639,4.2036,4.2213,4.2144,4.2097,4.1703,4.1017,4.1079,3.8634,3.9034,3.9181,3.8279,3.9473,3.9614,3.5581,3.5776,3.4994,3.3191,3.3477,3.341,3.3326,3.3622,3.3683,3.4588,3.4962,3.4194,3.5212,3.4546,3.6624,3.55,3.5866,3.6196,3.8402,3.7742,3.7976,3.8433,3.6022,3.5575,3.5232,3.4854,3.5513,3.4863,3.45,3.4136,3.5267,3.5273,3.5609,3.5232,3.4179,3.4105,3.3749,3.2752,3.3705,3.4781,3.4863,3.5292
Georgia,GE,Lari ,GEL,2.9501,3.1233,3.2131,3.3685,3.7157,3.4797,3.5397,3.615,3.8199,3.6528,3.6384,3.6439,3.4699,3.6142,3.3159,3.1758,3.1432,3.2352,3.0902,3.041,3.0005,2.895,3.0687,3.4833,3.2863,3.275,3.0439,3.0681,3.1142,3.0483,3.1274,3.0785,3.3613,3.2754,3.6065,3.4051,3.5771,3.4429,3.4291,3.459,3.2753,3.2413,3.2009,3.337,3.4395,3.4863,3.3925,3.363,3.4693,3.4711,3.5345,3.5141,3.5167,3.528,3.6436,3.5603,3.7013,3.8105,3.8504,3.7906
Ghana,GH,Cedi ,GHS,4.8281,5.25617,5.3255,5.7401,6.2458,6.757,5.0812,6.3997,6.0806,5.9388,5.8032,5.8119,5.5269,5.7611,5.5797,5.4229,5.6175,5.791,5.2053,5.2682,5.1272,4.8753,5.0464,5.228,5.3118,5.5414,5.5264,5.3164,5.6652,5.6009,5.7513,5.6809,6.0158,6.7685,6.137,6.0327,6.464,6.2435,6.2097,6.3165,6.2058,6.2245,6.2668,6.2544,6.4055,6.2623,6.1845,6.2077,6.4461,6.9076,6.9639,6.7007,6.6586,6.8716,6.756,6.6354,6.8534,7.0593,7.1856,7.4832
Gambia,GM,Dalasi ,GMD,66.02,67.19,63.58,63.91,67.7953,67.1026,61.64,61.6,60.72,61.16,59.39,60.19,56.66,56.9,57.11,60.41,62.61,62.51,56.45,56.77,55.51,52.63,53.19,52.82,54,55.66,55.76,57.64,59.7,58.111,59.99,57.89,63.82,62.49,62.96,63.88,68.09,66.74,67.16,67.54,62.99,62.94,62.83,62.93,65.1,64.98,63.26,62.48,64.69,55.32,65.49,64.65,63.23,62.58,62.49,61.47,63.41,66.15,66.36,67.11
Guinea Republic,GN,Franc ,GNF,10722.95,10989.68,10727.72,10919.31,11750.8675,11287.5863,11460.1,11608.34,11827.62,11570.19,11781.06,11672.53,11058.02,11110.14,11065,10746.59,10748.22,10776.59,11883.93,12042.04,11794.44,11171.89,11413.24,11573.35,11633.22,11707.87,11601.8,11683.17,11809.49,11512.0237,11737.33,11452.32,12208.02,11853.03,11988.42,12104.35,12839.04,12619.17,12695.15,12846.61,12042.05,11892.6,11787.85,11676.24,11896.94,11686.06,11604.28,11503.89,11911.89,11919.93,12033.79,11915.74,11563.39,11571.74,11481.45,11136.99,11519.11,11973.2,12290.34,12463.24
Equatorial Guinea,GQ,CFA Franc ,XAF,857.713,885.432,919.71,910.64,905.4197,906.2988,944.9,921.49,898.94,890.52,928.57,907.52,857.02,843.39,843.01,823.17,850.19,853.89,785.15,772.66,763.17,735.23,772.23,777.99,757.13,772.52,757.58,784.27,759.47,745.5222,742.69,710.36,741.72,733.57,739.27,740.06,753.48,744.29,752.07,754.39,747.73,746.45,735.2,730.07,739.34,743.22,735.62,726.07,752.97,755.08,762.07,757.31,744.46,738.77,735.81,717.27,740.41,760.16,795.38,770.63
Greece,GR,Euro ,EUR,1.3008,1.3481,1.3798,,,,,,,,,,,,,,,,,,,,,,,,,,,,,,,,,,,,,,,,,,,,,,,,,,,,,,,,,
Guatemala,GT,Quetzal ,GTQ,11.58,11.8,11.23,11.49,12.0659,11.9267,11.95,11.93,11.93,11.83,11.63,11.58,10.92,11.07,11.23,10.97,11.16,11.19,9.9962,10.01,9.7421,9.2081,9.3098,9.2464,9.3084,9.2367,9.1498,9.3965,9.5025,9.2936,9.5112,9.3121,9.8938,9.6723,9.7435,9.8421,10.45,10.29,10.4,10.54,9.9556,9.8598,9.7613,9.6894,10.09,10,9.8317,9.792,10.89,10.08,10.14,9.9541,9.7042,9.7267,9.5635,9.3059,9.6158,10,9.9458,10.04
Guinea Bissau,GW,CFA Franc,XOF,857.713,885.432,919.71,910.64,905.4197,906.2988,944.9,921.49,898.94,890.52,928.57,907.52,857.02,843.39,843.01,823.17,850.19,853.89,785.15,772.66,763.17,735.23,772.23,777.99,757.13,772.52,757.58,784.27,759.47,745.5222,742.69,710.36,741.72,733.57,739.27,740.06,753.48,744.29,752.07,754.39,747.73,746.45,735.2,730.07,739.34,743.22,735.62,726.07,752.97,755.08,762.07,757.31,744.46,738.77,735.81,717.27,740.41,760.16,795.38,770.63
Guyana,GY,Dollar ,GYD,311.46,317.16,290.085,294.8,311.7351,320.9092,323.56,323.58,321.38,321.08,313.31,314,294.93,298.1,301.11,292.11,301.21,304.48,271.8,276.06,269.65,255.3,257.9,255.71,256.85,258.99,259.1,266.25,269.48,263.4972,271.23,265.92,281.85,272.79,273.96,278.07,295.65,289.3,290.76,294.26,276,275.13,272.94,269.81,274.83,269.97,266.57,264.23,273.08,273.37,275.22,273.52,265.69,263.82,260.86,253.75,260.72,268.68,269.52,272.74
UAE,HA,Dirham ,AED,5.5587,5.663,5.4185,,,,,,,,,,,,,,,,,,,,,,,,,,,,,,,,,,,,,,,,,,,,,,,,,,,,,,,,,
Hong Kong,HK,Dollar ,HKD,11.72,11.93,11.3932,11.65,12.05,12.1792,12.11,12.13,11.8033,11.98,11.78,11.62,11.05,11.14,10.94,11.17,11.35,11.38,10.22,10.27,10.05,9.5364,9.6173,9.6068,9.5732,9.6627,9.6889,9.9596,10.08,9.8783,10.18,10.01,10.58,10.28,10.37,10.48,11.11,10.93,11.03,11.17,10.47,10.34,10.24,10.13,10.31,10.12,10,9.895,10.24,10.25,10.35,10.23,9.9372,9.8821,9.7681,9.5148,9.7723,10.1,10.1,10.1778
Honduras,HN,Lempira ,HNL,31.84,32.42,31.56,31.75,34.6727,34.1814,34.25,34.3,34.2,34.01,33.62,33.87,32.09,32.66,32.84,32,33.02,33.37,30.11,30.33,29.79,28.37,28.78,29.04,29.13,29.32,29.35,30.05,30.4,29.6882,30.55,29.9,31.71,30.89,31.32,31.57,33.57,32.94,33.24,33.66,31.86,31.57,31.3,30.98,31.62,31.1,31,30.76,31.78,31.86,32.21,31.89,30.96,30.96,30.63,29.78,30.72,31.74,31.8,32.22
Croatia,HR,Kuna ,HRK,10.05,10.41,10.7,10.5,10.4247,10.4514,10.92,10.59,10.46,10.35,10.78,10.56,10.01,9.8,9.6767,9.4144,9.7059,9.7876,8.9597,8.8236,8.7347,8.4176,8.8631,8.9345,8.6904,8.7828,8.5581,8.9048,8.5995,8.4298,8.396,8.0225,8.4571,8.3992,8.5389,8.5111,8.5372,8.4447,8.5312,8.5261,8.4279,8.3993,8.2867,8.269,8.3713,8.4156,8.3346,8.2137,8.5353,8.5357,8.6179,8.588,8.4303,8.3375,8.2858,8.073,8.3507,8.6234,8.6808,8.7526
Haiti,HT,Gourde ,HTG,70.41,71.7,69.48,70.66,75.1108,75.8614,86.02,81.23,80.63,81.55,82.88,86.05,82.85,85.9,89.62,87.73,90.7,91.88,83.61,85.51,84.61,80.86,82.94,83.3,83.48,84.82,86.21,88.61,82.03,79.565,82.46,81.03,85.71,83.63,84.5,85.99,91.31,89.92,91.6328,92.93,88.11,87.57,87.66,88.57,91.53,92.18,93.9,96.83,102.07,108.61,108.72,109.71,112.9,117.24,116.53,113.19,116.47,117.9,118.44,119.87
Hungary,HU,Forint ,HUF,418.04,413.73,429.03,417.52,424.0361,431.8672,445.02,436.22,424.72,419.51,440.95,439.87,410.31,399.01,398.52,389.39,409.89,409.92,376.41,364.76,358.72,344.02,364.75,367.85,355.32,363.08,356.76,374.99,356.54,351.5663,347.02,327.65,349.14,344.37,353.14,353.09,355.02,354.47,356.74,356.78,364.09,368.12,363.48,359.59,364.27,366.35,360.72,356.9,365.08,364.93,364.38,368.82,370.53,364.98,365.06,357.94,375.7,380.39,388.69,388.77
Indonesia,ID,Rupiah ,IDR,19082.65,19648.46,19465.4,19221.01,20670.2536,20760.5848,20863.49,21520.78,22412.63,20897.72,20759.29,21220.38,19881.7,19502.41,19035.43,18678.94,19573.99,19458.77,17279.69,17553.59,17024.84,15990.15,16716.9,16666.47,16468.57,16599.85,16628,17033.48,17231.9,16867.1894,17370.06,17084.43,18018.37,17800.62,17967.35,18202.13,18936.41,19036.05,19357.11,19607.3,18954.32,18356.06,18797.16,18821.4,19565.18,19622.46,18662.18,18259.7,18521.91,18345.19,18707.81,18379.58,18387.25,18024.57,17492.48,17273.81,17551.77,18072.1,18198.92,18266.8
Ireland,IE,Euro ,EUR,1.3008,1.3481,1.3798,,,,,,,,,,,,,,,,,,,,,,,,,,,,,,,,,,,,,,,,,,,,,,,,,,,,,,,,,
Israel,IL,Shekel ,ILS,5.9437,5.9063,5.9104,5.9247,6.0234,6.0299,5.973,6.058,6.03,5.9834,5.9335,5.8285,5.6184,5.5797,5.4133,5.4148,5.6133,5.6569,5.0851,4.991,4.8904,4.7058,4.8077,4.737,4.6983,4.6705,4.5516,4.7024,4.6462,4.4866,4.6545,4.626,4.7446,4.6171,4.6707,4.6853,4.8541,4.8764,4.9143,5.0041,4.7682,4.779,4.7515,4.6882,4.7139,4.7534,4.7651,4.7471,4.7977,4.7142,4.7637,4.6654,4.575,4.5425,4.4041,4.2753,4.405,4.5464,4.4839,4.5713
India,IN,Rupee ,INR,93.11,95.72,92.1006,94.54,99.31,100.8013,99.41,101.95,100.6,100.76,100.86,100.19,95.67,97.95,94.1,95.36,97.92,99.06,88.55,88.93,86.85,81.98,84.94,83.99,84,83.3,81.64,82.72,83.87,81.6972,83.88,82.04,87.18,85.75,86.26,85.91,90.56,90.5,91.71,93.4,91.25,89.7,89.56,90.15,95.39,94.52,91.34,89.01,93.19,92.94,90.79,90.82,88.19,88.02,86.2265,86.79,88.93,91.35,92.72,92.77
Iraq,IQ,Dinar ,IQD,1720.1,1797,1717.14,1741.1,1838.1947,1854.2737,1862.85,1802.9,1852.25,1834.14,1807.79,1810.51,1557.53,1713.14,1719.6,1676.49,1727.28,1732.76,1559.61,1566.86,1532.62,1453.03,1466.79,1462.59,1458.93,1472.51,1475.17,1514.2,1530.57,1496.9415,1543.46,1512.99,1605.35,1558.67,1571.44,1585.93,1683.28,1655.06,843.06,1691.76,1585.63,1565.95,1554.14,1536.82,1565.21,1536.53,1520.57,1505.78,1554.37,1554.62,1569.42,1552.83,1506.42,1503.15,1487.44,1447.28,1485.53,1533.59,1536.53,1556.1
Iran,IR,Rial ,IRR,41445.3,42578.2,8.8513,,,,,,,,,,,,,,,,,,,,,,,,,,,,,,,,,,,,,,,,,,,,,,,,,,,,,,,,,
Iceland,IS,Krona ,ISK,199.87,202.37,206.53,203.39,204.6966,205.7294,212.11,206.51,197.04,192.37,199.18,195.84,184.86,183.35,181.21,175.82,181.13,180.23,161.33,155.08,149.32,140.35,141.26,140.55,138.8,139.03,137.9,141.13,130.42,133.4266,138.59,137.11,145.13,139.12,138.5,141.07,144.61,140.57,140.67,141.79,141.12,143.82,139.42,138.91,145.17,155.56,158.35,153.42,157.25,156.21,154.62,156.53,157.18,159.36,152.44,151.23,154.39,160.72,158.57,161.2
Italy,IT,Euro ,EUR,1.3008,1.3481,1.3798,,,,,,,,,,,,,,,,,,,,,,,,,,,,,,,,,,,,,,,,,,,,,,,,,,,,,,,,,
Jamaica,JM,Dollar ,JMD,174.19,178.11,170.12,171.6,182.714,180.6062,183.06,182.87,184.39,184.14,181.43,182.42,172,175.21,176.51,172.85,181.28,184.42,166.83,168.01,165.38,157.84,160.19,159.37,159.22,158.89,160.8,164.42,168.19,163.3085,166.6,163.54,176.96,168.21,167.45,167.4,176.77,175.98,179.12,177.25,168,173.24,170.84,176.18,178.81,167.75,160.76,162.28,169.46,173.61,163.65,171.19,170.63,163.24,171.24,163.06,170.2,178.02,179.29,174.76
Jordan,JO,Dinar ,JOD,1.0738,1.0941,1.0446,1.0596,1.1185,1.1035,1.1079,1.1052,1.1054,1.0951,1.0773,1.0792,1.0157,1.0257,1.0292,1.006,1.0353,1.0389,0.935,0.9395,0.9191,0.8716,0.8793,0.8776,0.8755,0.8829,0.8845,0.9083,0.9181,0.8979,0.9246,0.9072,0.9617,0.9338,0.9418,0.9505,1.0084,0.9911,0.9979,1.0099,0.9466,0.9358,0.9265,0.9165,0.9332,0.9161,0.907,0.8971,0.9269,0.9259,0.9351,0.9252,0.8975,0.8956,0.8862,0.8601,0.8851,0.9133,0.9155,0.9267
Japan,JP,Yen ,JPY,177.32,183.26,177.556,180.26,188.54,195.2082,193.93,194.45,183.51,185.45,187.96,182.77,166.59,163.61,158.96,157.31,160.22,153.37,140.64,133.25,130.52,126.99,140.02,145.63,139.81,142.74,138.58,139.61,145.04,141.2913,145.67,139.51,151.11,148.79,148.27,151.89,155.28,150.43,149.54,152.64,146.7,145.06,147.17,142.59,147.74,145.33,144.35,141.96,143.2,144.7,146.95,146.14,139.65,136.93,135.07,129.15,135.1,139.92,140.27,143.24
Kenya,KE,Schilling ,KES,138.62,141.14,135.42,139.85,151.6037,151.409,160.17,159.6,163.94,158.31,155.63,155.33,146.52,147.24,147.36,143.54,147.72,148.48,133.88,134.39,131.29,124.65,126.34,126.7,128.24,129.02,128.36,132.43,133.73,131.2293,135.63,132.1,140.25,136.24,137.41,138.14,145.5,141.74,142.12,142.91,134.68,133.01,131.33,130.05,132.51,130.67,130.71,128.83,132.34,131.09,133.2,132.12,128.23,128.7,129.99,124.94,129.82,133.19,130.92,131.95
Kyrgyz Republic,KG,Som ,KGS,91.16,93.43,90.82,95.12,92.6968,92.9928,98.5,95.84,109.9,106.27,109.27,115.43,108.57,109.06,104.56,97.23,99.92,99.3,88.47,90.64,89.17,84.02,85.7,85.81,85.78,86.32,86.46,86.95,87.86,86.7517,90.29,87.85,92.86,90.3,92.59,93.46,97.7,95.21,96,98.06,91.26,90,88.94,89.71,91.28,89.42,89.22,88.28,91.09,91.12,92,90.95,88.42,88.08,87.07,84.67,87.12,89.93,90.19,91.28
Cambodia,KH,Riel ,KHR,6149.7,6252.2,5908.21,5968.22,6340.5082,6398.879,6422.66,6418.38,6384.67,6255.4,6144.98,6160.32,5783.13,5820.35,5811.84,5671.02,5936.96,6015.52,5383.21,5435.34,5313.97,5003.25,4984.37,4999.07,4980.37,4993.46,4977.54,5125.47,5252.11,5186.1045,5347.03,5242.07,5505.27,5325.95,5351.94,5405.33,5711.92,5606.81,5604.93,5722.25,5431.33,5349.42,5296.6,5253.98,5396.69,5255.2,5163.55,5087.42,5245.69,5225.61,5262.18,5258.76,5135.13,5150.5,5103.55,4949.9,5130.7,5230.07,5235.83,5315.99
Comoros,KM,Franc ,KMF,641.21,664.51,689.78,682.98,679.0648,679.724,708.68,691.12,674.2,667.89,696.43,680.64,642.76,632.54,632.26,617.38,637.64,640.41,588.86,579.5,572.38,551.42,579.17,583.49,567.85,579.39,568.19,588.2,569.6,559.1417,557.01,532.77,556.29,550.18,554.45,555.04,565.11,558.22,564.05,565.79,560.79,559.84,551.4,547.55,554.51,557.41,551.72,544.55,564.73,566.31,571.55,567.98,558.34,554.08,551.85,537.95,555.31,570.12,574.03,577.97
St Christopher & Anguilla,KN,E Caribbean Dollar ,XCD,4.0882,4.163,3.9831,4.0387,4.2639,4.2036,4.2213,4.2144,4.2097,4.1703,4.1017,4.1079,3.8634,3.9034,3.9181,3.8279,3.9473,3.9614,3.5581,3.5776,3.4994,3.3191,3.3477,3.341,3.3326,3.3622,3.3683,3.4588,3.4962,3.4194,3.5212,3.4546,3.6624,3.55,3.5866,3.6196,3.8402,3.7742,3.7976,3.8433,3.6022,3.5575,3.5232,3.4854,3.5513,3.4863,3.45,3.4136,3.5267,3.5273,3.5609,3.5232,3.4179,3.4105,3.3749,3.2752,3.3705,3.4781,3.4863,3.5292
Korea (North),KP,Won ,KPW,2.06087,2.14914,,,,,,,,,,,,,,,,,,,,,,,,,,,,,,,,,,,,,,,,,,,,,,,,,,,,,,,,,,
South Korea,KR,Won ,KRW,1636.36,1707.12,1659.2506,1623.8,1704.64,1756.2451,1803.54,1854.91,1814.42,1750.74,1782.99,1764.96,1705.63,1757.25,1638.58,1635.1,1729.04,1697.11,1503.54,1486.7,1451.68,1380.81,1458.3,1477.32,1440.11,1422.26,1401.32,1460.58,1458.44,1448.88,1461.5,1448.19,1530.41,1488.08,1446.77,1449.19,1522.06,1504.16,1507.91,1521.09,1441.61,1456.13,1477.54,1444.39,1474.52,1461.83,1446.07,1420.44,1472.54,1467.87,1490.82,1480.73,1510.22,1485.59,1472.25,1458.62,1487.27,1510.27,1510.83,1527.67
Kuwait,KW,Dinar ,KWD,0.445,0.4555,0.4429,0.4511,0.475,0.47,0.4739,0.4723,0.4702,0.4664,0.4618,0.4613,0.4348,0.4315,0.4362,0.4278,0.4414,0.4417,0.3986,0.3993,0.391,0.3717,0.3784,0.3788,0.3766,0.3808,0.3801,0.3902,0.3931,0.3846,0.3949,0.3864,0.4087,0.3979,0.4014,0.4049,0.4267,0.4192,0.4218,0.4269,0.4032,0.3989,0.3954,0.3913,0.3981,0.3919,0.3886,0.3846,0.3963,0.3967,0.4004,0.3968,0.3855,0.3841,0.3805,0.3691,0.3795,0.391,0.3921,0.3968
Cayman Islands,KY,Dollar ,KYD,1.2416,1.2643,1.2097,1.2266,1.2949,1.2767,1.282,1.2799,1.2785,1.2665,1.2457,1.2476,1.1733,1.1855,1.1899,1.1626,1.1988,1.2031,1.0806,1.0865,1.0628,1.008,1.0167,1.0147,1.01,1.0211,1.023,1.0505,1.0618,1.0385,1.0694,1.0492,1.1123,1.0799,1.0893,1.0993,1.1663,1.1462,1.1533,1.1672,1.094,1.0804,1.07,1.0585,1.0786,1.0588,1.0478,1.0367,1.0711,1.0713,1.0815,1.07,1.038,1.0358,1.025,0.9947,1.0236,1.0563,1.0588,1.0718
Kazakhstan,KZ,Tenge ,KZT,278.8,285.98,273.7,278.21,293.8269,289.7789,292.67,293.93,435.07,426.52,467.74,479.25,516.69,533.08,502.34,473.09,482.2,495.02,449.52,450.01,439.3,407.88,416.16,411.35,407.66,399.26,393.75,399.11,403.2,413.033,425.59,427.01,462.65,439.24,438.35,450.28,456.39,446.57,451.07,467.09,435.12,448.96,450.21,466.83,475.65,473.33,470.63,469.37,493.97,493.93,498.95,494.98,479.61,482.49,480.51,468.26,483.14,501.78,499.35,502.17
Lao People's Dem Rep,LA,Kip ,LAK,12306.3,12506.7,11949.19,12102.49,12752.0806,12612.4864,12710.87,12761.83,12667.99,12549.42,12382.64,12392.16,11668.57,11739.02,11776.05,11512.88,11849.06,11898.99,10661,10806.42,10511.3,10012.66,10173.33,10154.05,10128.61,10212.31,10232.03,10517.41,10614.3,10449.4624,10807.53,10626.18,11265.97,10957.46,11053.25,11157.88,11805.03,11602.22,11695.12,11843.07,11134.82,11090.83,11014.69,10992.06,11194.55,11020.43,10918.73,10809.78,11181.06,11215.47,11315.67,11236.52,10937.4,10938.9,10864.59,10576.37,10997.92,11381.2,11441.37,11594.01
Lebanon,LB,Pound ,LBP,2287.12,2322.8,2217.97,2256.4,2380.652,2348.591,2356.9,2355.38,2348.84,2329.32,2291.04,2294.64,2158.08,2182.99,2192.68,2137.97,2204.17,2212.53,1985.92,1996.97,1953.08,1856.12,1870,1865.86,1860.94,1878.08,1886.85,1936.94,1957.24,1910.4368,1964.7,1927.55,2048.91,1988.67,2007.14,2027.85,2150.78,2115.65,2130.86,2152.25,2019.23,1992.2,1971.05,1953.14,1990.05,1953.59,1933.29,1904.67,1970.4,1970.31,1988.15,1967.79,1908.98,1904.2,1883.67,1829.88,1883.12,1947.75,1953.59,1976.34
St Lucia,LC,E Caribbean Dollar ,XCD,4.0882,4.163,3.9831,4.0387,4.2639,4.2036,4.2213,4.2144,4.2097,4.1703,4.1017,4.1079,3.8634,3.9034,3.9181,3.8279,3.9473,3.9614,3.5581,3.5776,3.4994,3.3191,3.3477,3.341,3.3326,3.3622,3.3683,3.4588,3.4962,3.4194,3.5212,3.4546,3.6624,3.55,3.5866,3.6196,3.8402,3.7742,3.7976,3.8433,3.6022,3.5575,3.5232,3.4854,3.5513,3.4863,3.45,3.4136,3.5267,3.5273,3.5609,3.5232,3.4179,3.4105,3.3749,3.2752,3.3705,3.4781,3.4863,3.5292
Sri Lanka,LK,Rupee ,LKR,199.49,204.95,196.27,199.09,210.9818,208.9366,209.34,209.05,219.13,217.47,215.79,217.94,205.54,208.23,210.45,205.63,214.61,213.4,192.66,192.92,189.42,180.89,183.87,184.43,185.36,187.47,189.38,195.32,197.79,194.0198,200.48,195.73,207.09,202.32,204.23,205.24,218.67,216.98,219.48,222.62,210.5,210.78,208.71,207.22,219.72,222.92,228.39,228.01,237.98,234.75,235.4,227.82,223.48,223.16,220.11,216.98,225.63,233.67,231.51,236.81
Liberia,LR,Dollar (US) ,LRD,1.512,1.5383,1.4686,1.504,1.555,1.5711,1.5634,1.5648,1.523,1.546,1.521,1.5003,1.4144,1.4318,1.411,1.4403,1.4619,1.4672,1.3178,1.325,1.2961,1.2293,1.2399,1.2374,1.2343,1.2453,1.2475,1.281,1.2949,1.2664,1.3042,1.2795,1.3564,1.317,1.3284,1.3406,1.4223,1.3979,1.4065,1.4234,1.3342,1.3176,1.3049,1.2909,1.3153,1.2912,1.2778,1.2643,1.3062,1.3064,1.3188,1.3049,1.2659,1.2632,1.25,1.213,1.2483,1.2882,1.2912,1.3071
Lesotho,LS,Loti ,LSL,17.5,17.93,18.4,18.05,18.5993,19.3183,19.26,19.99,20.67,20.24,21.87,24.36,24.01,22.93,22.15,20.71,23.01,21.61,18.81,18.73,17.78,17.05,17.67,17.26,16.63,16.25,15.66,17.01,16.76,16.5287,16.86,16.9,17.99,17.85,18.44,16.91,16.94,16.27,16.75,16.97,16.77,18,17.31,18.44,19.27,18.69,17.77,17.9,18.07,18.27,18.95,18.23,18.19,18.34,17.3478,18.48,18.27,18.84,19.04,18.65
Lithuania,LT,Euro,EUR,1.3008,1.3481,1.3798,,,,,,,,,,,,,,,,,,,,,,,,,,,,,,,,,,,,,,,,,,,,,,,,,,,,,,,,,
Luxembourg,LU,Euro ,EUR,1.3008,1.3481,1.3798,,,,,,,,,,,,,,,,,,,,,,,,,,,,,,,,,,,,,,,,,,,,,,,,,,,,,,,,,
Latvia,LV,Euro,EUR,1.3008,1.3481,1.3798,,,,,,,,,,,,,,,,,,,,,,,,,,,,,,,,,,,,,,,,,,,,,,,,,,,,,,,,,
Libya,LY,Dinar ,LYD,1.8208,2.1031,1.9768,2.0193,2.0688,2.133,2.1341,2.1384,2.136,2.0929,2.0585,2.1224,1.9835,1.9589,1.9518,1.8856,1.9078,1.9954,1.8449,1.8219,1.7821,1.7149,1.7669,1.7633,1.765,1.762,1.7777,1.8255,1.8064,1.7773,1.8128,1.7529,1.8448,1.7911,1.8132,1.8232,1.9059,1.8592,1.8707,1.8932,1.8144,1.7919,1.7877,1.7879,1.8217,1.7754,1.7953,1.7671,1.8221,1.8094,1.8332,1.8073,1.7749,1.767,1.7499,1.7097,1.7602,1.8099,1.8141,1.8365
Morocco,MA,Dirham ,MAD,14.21,14.63,14.93,14.88,15.127,15.049,15.46,15.23,15.01,14.89,15.15,14.97,14.12,14.03,14.05,13.72,14.16,14.23,12.97,12.85,12.65,12.12,12.54,12.57,12.38,12.58,12.44,12.84,12.64,12.3958,12.51,12.03,12.66,12.41,12.53,12.61,13.03,12.86,12.94,13.04,12.64,12.58,12.37,12.19,12.35,12.3,12.12,12.05,12.48,12.43,12.66,12.51,12.26,12.09,12.0087,11.65,12.08,12.39,12.44,12.56
Moldova,MD,Leu ,MDL,24.34,28.52,26.7,27.56,27.9914,28.3512,29.52,29.55,31.02,30.36,30.07,30.2,29.45,28.8,28.59,27.85,28.87,28.9,26.03,26.1,25.59,24.52,25.04,24.97,24.8,24.91,24.39,24.71,23.63,23.1633,23.57,22.92,23.88,22.78,23.3,23.02,23.96,23.28,23.25,23.41,22.39,22.25,21.76,21.69,22.1,22.07,21.89,21.8,22.37,22.38,22.74,23.31,22.76,22.92,21.92,21.22,22.01,22.4,22.53,22.54
Madagascar,MG,Malagasy Ariary,MGA,3989.8,4332.6,4359.24,4607.05,4919.3425,5012.456,5135.94,5113.47,4833.32,4737.89,4963.08,4865.58,4604.64,4587.18,4630.61,4513.99,4637.29,4797.74,4014.02,4037.42,3969.93,3954.66,4081.11,4138.46,4033.05,3916.94,4073.1,4099.35,4001.24,3976.6475,3795.09,3773.22,4055.77,4049.78,4267.34,4340.22,4613.91,4389.27,4430.5,4584.21,4329.32,4461.36,4332.28,4268.38,4507.55,4541.81,4657.55,4478.79,4663.13,4601.81,4685.19,4618.36,4649.66,4613.66,4565.45,4497.37,4670.68,4801.74,4764.55,4793.8
Macedonia,MK,Denar ,MKD,80.4,82.95,86.32,85.61,85.0244,85.0693,88.28,86.48,84.05,83.76,87.1,85.19,80.45,79.17,79.14,77.31,79.8,80.15,73.69,72.57,71.64,69.01,72.49,73.03,71.07,72.51,71.11,73.61,71.29,69.9839,69.72,66.68,69.62,68.87,69.4,69.47,70.73,69.86,70.59,70.81,70.19,70.06,69.01,68.53,69.4,69.65,68.94,68.18,70.58,70.95,71.49,71.03,69.83,69.29,68.9787,67.35,69.5,71.35,71.66,72.34
Mali Republic,ML,CFA Franc,XOF,857.713,885.432,919.71,910.64,905.4197,906.2988,944.9,921.49,898.94,890.52,928.57,907.52,857.02,843.39,843.01,823.17,850.19,853.89,785.15,772.66,763.17,735.23,772.23,777.99,757.13,772.52,757.58,784.27,759.47,745.5222,742.69,710.36,741.72,733.57,739.27,740.06,753.48,744.29,752.07,754.39,747.73,746.45,735.2,730.07,739.34,743.22,735.62,726.07,752.97,755.08,762.07,757.31,744.46,738.77,735.81,717.27,740.41,760.16,795.38,770.63
Myanmar,MM,Kyat ,MMK,1558.82,1588.88,1495.56,1571.03,1690.3811,1732.0567,1916.48,1978.74,2015.88,1979.02,1953.71,1972.02,1857.88,1777.47,1757.84,1670.25,1715.59,1738.55,1559.22,1608.01,1633.33,1586.72,1629.34,1703.76,1678.88,1692.98,1710.95,1732.74,1776.15,1741.1127,1772.99,1743.43,1848.97,1801.19,1798.66,1827.51,1905.65,1860.61,1885.56,1882.43,1809.77,1813.2,1876.19,1951.2,2083.44,2047.07,2041.14,1989.12,2001.94,2014.86,2032.14,1979.99,1947.71,1930.34,1890.36,1846.01,1916.58,1977.05,1957.96,1967.27
Mongolia,MN,Tugrik ,MNT,2921.55,3016.63,2929.02,2951.2,3069.9755,2898.9574,3095.63,3106.95,3103.46,3074.41,3025.4,3036.04,2858.22,2912.34,2967.59,2840.47,2924.62,2856.64,2677.11,2994.6,2910.37,2849.52,3035.88,3076.16,3077.09,3091.96,3063.24,3091.81,3124.59,2988.8173,3147.57,3121.96,3348.38,3230.6,3245.83,3251.64,3440.52,3350.66,3372.1,3404.88,3212.63,3205.7,3214.63,3184.66,3307.99,3311.94,3296.7,3339.02,3448.36,3439.1,3470.53,3435.81,3348.94,3361.24,3331.75,3238.23,3330.58,3462.66,3495.94,3579.5
Macao,MO,Pataca ,MOP,12.09,12.32,11.8,11.94,12.6072,12.4334,12.48,12.46,12.44,12.32,12.12,12.14,11.49,11.59,11.58,11.32,11.69,11.72,10.52,10.58,10.35,9.8225,9.9058,9.895,9.8605,9.9526,9.9796,10.25,10.38,10.1746,10.48,10.31,10.89,10.59,10.68,10.8,11.45,11.26,11.36,11.5,10.78,10.65,10.55,10.43,10.62,10.42,10.3,10.19,10.55,10.56,10.66,10.54,10.23,10.17,10.0612,9.8003,10.06,10.4,10.4,10.48
Mauritania,MR,Ouguiya ,MRO,438.35,446.37,428.8,471.17,495.8704,502.8803,509.68,496.36,491.12,505.06,477.95,462.51,489.36,495.87,496.29,490.54,518.99,523.79,469.13,473.04,462.7,440.09,444.6,444.22,442.98,447.04,449.1,460.37,465.4,455.687,468.7,457.78,482.68,467.79,470.07,475.06,504.2,492.95,497.41,504.89,476.15,470.77,466.24,461.24,469.95,461.34,456.55,451.73,466.7,466.77,471.22,466.24,452.3,451.32,446.6,433.42,446.03,460.27,461.34,
Mauritania,MR,Ouguiya ,MRU,,,,,,,,,,,,,,,,,,,,,,,,,,,,,,,,,,,,,,,,,,,,,,,,,,,,,,,,,,,,49.25
Montserrat,MS,E Caribbean Dollar ,XCD,4.0882,4.163,3.983,4.0387,4.2639,4.2036,4.2213,4.2144,4.2097,4.1703,4.1017,4.1079,3.8634,3.9034,3.9181,3.8279,3.9473,3.9614,3.5581,3.5776,3.4994,3.3191,3.3477,3.341,3.3326,3.3622,3.3683,3.4588,3.4962,3.4194,3.5212,3.4546,3.6624,3.55,3.5866,3.6196,3.8402,3.7742,3.7976,3.8433,3.6022,3.5575,3.5232,3.4854,3.5513,3.4863,3.45,3.4136,3.5267,3.5273,3.5609,3.5232,3.4179,3.4105,3.3749,3.2752,3.3705,3.4781,3.4863,3.5292
Malta,MT,Euro ,EUR,1.3008,1.3481,1.3798,,,,,,,,,,,,,,,,,,,,,,,,,,,,,,,,,,,,,,,,,,,,,,,,,,,,,,,,,
Mauritius,MU,Rupee ,MUR,48.39,51.96,53.18,54.07,55.0037,54.8186,55.38,55.19,55.31,54.52,54.79,55.03,51.55,51.33,51.32,49.8,51.31,51.98,46.75,46.52,46.11,43.73,44.45,44.54,44.24,44.24,43.94,45.19,44.93,44.0724,44.47,42.55,45.29,44.84,45.21,44.97,46.43,45.77,46.48,47.82,45.89,46.28,45.08,44.13,45.11,44.67,43.95,43.36,44.85,44.54,46.09,45.34,44.74,45.53,45.3733,43.73,45.21,46.68,47.32,47.77
Maldive Islands,MV,Rufiyaa ,MVR,23.24,23.7,22.08,22.39,23.6407,23.735,23.86,23.82,23.81,23.6,23.25,23.27,21.83,22.11,22.43,21.7,22.36,22.37,20.16,20.33,19.83,18.93,19.09,19.03,19.05,19.21,19.24,19.74,20.21,19.6426,20.14,19.78,20.9,20.28,20.33,20.64,21.91,21.59,21.74,21.92,20.67,20.3,20.09,19.94,20.26,19.94,19.75,19.53,20.31,20.19,20.45,20.14,19.55,19.57,19.3118,18.8,19.28,19.83,19.82,20.19
Malawi,MW,Kwacha ,MWK,691.59,674.1,644.59,659.27,695.324,680.9124,719.32,830.08,876.32,847.17,877.31,958.16,987.68,1077.12,996.06,971.48,1028.38,1042.19,945.52,955,934.52,885.09,894.37,897.33,895.59,901.92,903.68,930.31,940.14,918.8081,945.67,928.47,984.1,953.85,964.08,972.47,1032.37,1015.08,1020.23,1032.71,968.64,956.36,946.98,937.41,954.49,940.81,931.64,925.89,952.21,953.45,961.1,958.98,941.68,974.37,947.27,888.45,920.96,943.81,950.65,962.55
Mexico,MX,Mexican Peso ,MXN,22.08,22.97,22.6624,23.24,23.68,24.2398,25.14,25.87,25.93,25.75,25.48,25.71,25.71,26.3,24.73,24.97,26.86,27.36,24.42,24.52,25.73,22.84,25.71,25.36,26.88,25.34,23.78,24.07,24.05,22.9712,22.82,22.67,24,24.83,24.94,25.78,26.31,26.05,26.15,25.6,26.41,26.88,24.78,24.29,24.67,25.1,25.83,25.31,24.95,25.08,24.92,24.55,24.01,24.22,23.87,23.92,24.17,24.64,25.1,24.76
Malaysia,MY,Ringgit ,MYR,5.4639,5.5651,5.4447,5.4325,5.6256,5.9042,5.93,6.4204,6.6197,6.6171,6.6787,6.4768,6.1739,6.0379,5.6348,5.5711,5.9201,5.9187,5.3068,5.3512,5.3645,5.1538,5.5082,5.5429,5.4858,5.5401,5.5233,5.6366,5.559,5.4314,5.5903,5.4749,5.6801,5.5624,5.4609,5.4616,5.5647,5.46,5.5213,5.5365,5.3133,5.2776,5.2966,5.2895,5.4493,5.3798,5.3597,5.2835,5.4044,5.3131,5.3637,5.3951,5.2991,5.2718,5.1479,5.0675,5.2231,5.3943,5.3785,5.4095
Mozambique,MZ, Metical ,MZN,48.8617,52.096,50.157,52.57,56.6224,58.4618,60.2,61.11,67.3,65.99,68.81,78,66.53,69.95,74,72.88,80.27,92.43,86.48,95.4,99.37,96.26,91.79,89.51,87.44,87.82,85.1,83.84,76.83,76.3605,79.69,78.31,82.88,80.47,81.36,78.94,84.75,85.48,87.2,85.68,79.09,78.02,76.33,76.53,79.97,78.31,78.48,77.84,81.14,81.91,82.75,83.77,80.32,78.44,76.8096,73.69,76.89,80.47,81.92,82.47
New Caledonia,NC,CFP Franc ,XPF,156.03,161.06,167.31,165.66,164.7139,164.8739,171.89,167.63,163.53,162,168.92,165.09,155.9,153.43,153.36,149.75,154.66,155.33,142.83,140.56,138.83,133.75,140.48,141.53,137.73,140.53,137.82,142.67,138.16,135.6254,135.11,129.22,134.93,133.45,134.48,134.63,137.07,135.4,136.81,137.24,136.02,135.79,133.74,132.81,134.5,135.2,133.82,132.08,136.98,137.36,138.63,137.77,135.43,134.3,133.85,130.48,134.69,138.28,139.23,140.19
Niger Republic,NE,CFA Franc ,XOF,857.713,885.432,919.71,910.64,905.4197,906.2988,944.9,921.49,898.94,890.52,928.57,907.52,857.02,843.39,843.01,823.17,850.19,853.89,785.15,772.66,763.17,735.23,772.23,777.99,757.13,772.52,757.58,784.27,759.47,745.5222,742.69,710.36,741.72,733.57,739.27,740.06,753.48,744.29,752.07,754.39,747.73,746.45,735.2,730.07,739.34,743.22,735.62,726.07,752.97,755.08,762.07,757.31,744.46,738.77,735.81,717.27,740.41,760.16,795.38,770.63
Nigeria,NG,Naira ,NGN,281.25,315.69,293.64,297.66,314.3408,309.7462,311.12,310.61,310.29,307.75,302.16,302.76,285.1,287.63,288.85,282.07,291,413.75,388.42,450.84,408.59,391.16,390.87,390.08,388.49,391.94,382.98,391.36,407.57,398.3612,410.48,462.53,487.64,474.77,478.2,482.61,512.73,503.22,506.34,513.15,480.96,473.67,470.41,466.01,476.79,469.61,464.47,458.94,472.84,472.91,478.11,470.09,456.35,455.36,452.79,438.82,452.21,467.51,468.6,475.45
Nicaragua,NI,Gold Cordoba ,NIO,40.37,41.27,39.61,40.35,42.7691,42.3234,42.7,42.79,42.94,42.7,42.15,42.37,40.04,40.6,40.95,40.15,41.59,41.93,37.8,38.19,37.49,35.69,36.17,36.23,36.28,36.74,36.98,38.11,38.7,37.9969,39.27,38.71,41.19,40.14,40.68,41.21,43.93,43.34,43.77,44.46,41.86,41.5,41.25,41,41.93,41.36,41.09,40.81,42.36,42.52,43.09,42.79,41.7,41.77,41.52,40.45,41.78,43.32,43.54,44.18
Netherland,NL,Euro ,EUR,1.3008,1.3481,1.3798,,,,,,,,,,,,,,,,,,,,,,,,,,,,,,,,,,,,,,,,,,,,,,,,,,,,,,,,,
Norway,NO,Norwegian Krone ,NOK,11.48,11.56,12.2698,11.87,11.77,12.1571,12.78,13.04,12.64,12.64,13.22,13.09,12.47,12.29,11.97,11.71,12.03,12.18,11.19,10.91,10.77,10,10.69,10.71,10.43,10.4,10.56,10.97,10.85,10.8131,10.51,10.07,10.57,10.48,10.88,11.23,11.03,10.96,10.89,11.03,10.82,10.76,10.66,10.78,10.73,10.75,10.91,10.97,11.21,11.22,11.26,11.06,11.08,11.02,10.79,10.86,11.14,11.79,11.79,11.79
Nepal,NP,Rupee ,NPR,150.96,153.84,148.65,149.2,160.5104,159.7447,158.75,162.34,164.05,160.25,160.81,162.78,154.87,157.76,154.51,151.08,156.67,158.5,141.68,142.28,138.97,131.18,135.9,134.39,134.4,133.28,130.63,132.35,134.19,130.7155,134.22,131.26,139.49,137.2,138.01,137.46,144.9,144.8,146.74,149.45,146,143.53,143.29,144.25,152.62,151.24,146.14,142.42,149.1,148.71,145.27,145.32,141.1,140.84,137.96,138.87,142.29,146.16,148.35,148.43
New Zealand,NZ,Dollar ,NZD,1.9674,2.041,1.9949,1.9624,2.1291,2.273,2.3789,2.3865,2.4313,2.2969,2.3629,2.2171,2.182,2.1597,2.1063,2.0582,2.1596,2.0584,1.8731,1.8124,1.7727,1.7016,1.7713,1.7911,1.7148,1.7346,1.7683,1.8276,1.84,1.7521,1.7717,1.7734,1.8359,1.8447,1.9381,1.9234,1.9163,1.9044,1.9593,1.9398,1.9315,1.9183,1.9239,1.9273,1.9885,1.9749,1.8676,1.845,1.9248,1.9031,1.9262,1.9421,1.9495,1.9362,1.8623,1.8926,1.9719,2.0087,2.0108,1.9838
Oman,OM,Rial ,OMR,0.5829,0.5935,0.568,0.5759,0.6079,0.5994,0.6019,0.6013,0.6003,0.5946,0.585,0.5858,0.551,0.5566,0.5587,0.5458,0.5631,0.5649,0.5074,0.5102,0.499,0.4733,0.4774,0.4764,0.4753,0.4795,0.4804,0.4933,0.4986,0.4876,0.5022,0.4927,0.5223,0.5068,0.51,0.5161,0.5476,0.5382,0.5416,0.548,0.5135,0.5073,0.5023,0.4969,0.5064,0.497,0.4919,0.4868,0.5029,0.503,0.5078,0.5024,0.4874,0.4863,0.4813,0.467,0.4807,0.496,0.4971,0.5032
Panama,PA,Balboa ,PAB,1.5145,1.5415,1.4752,1.4958,1.5792,1.5569,1.5635,1.5609,1.5591,1.5445,1.5192,1.5214,1.4309,1.4457,1.4511,1.4178,1.4619,1.4672,1.3178,1.325,1.2961,1.2293,1.2399,1.2374,1.2343,1.2453,1.2475,1.281,1.2949,1.2664,1.3042,1.2795,1.3564,1.317,1.3284,1.3406,1.4223,1.3979,1.4065,1.4234,1.3342,1.3176,1.3049,1.2909,1.3153,1.2912,1.2778,1.2643,1.3062,1.3064,1.3188,1.3049,1.2659,1.2632,1.25,1.213,1.2483,1.2882,1.2912,1.3071
Peru,PE,New Sol ,PEN,4.5546,4.7165,4.5746,4.6766,4.9721,4.9113,4.9726,5.0554,4.9752,5.0043,5.0687,5.1402,4.9087,5.0735,4.8998,4.6502,4.8551,4.8242,4.3565,4.4429,4.3728,4.156,4.2497,4.2014,4.1311,4.0445,4.0581,4.1646,4.2486,4.1407,4.2287,4.1453,4.3984,4.273,4.3032,4.3865,4.5673,4.5388,4.5817,4.5744,4.3693,4.3276,4.2734,4.2387,4.3423,4.3121,4.315,4.2323,4.3555,4.332,4.3436,4.2979,4.2351,4.2132,4.115,4.1009,4.1723,4.311,4.3708,4.3573
Fr. Polynesia,PF,CFP Franc,XPF,156.03,161.06,167.31,165.66,164.7139,164.8739,171.89,167.63,163.53,162,168.92,165.09,155.9,153.43,153.36,149.75,154.66,155.33,142.83,140.56,138.83,133.75,140.48,141.53,137.73,140.53,137.82,142.67,138.16,135.6254,135.11,129.22,134.93,133.45,134.48,134.63,137.07,135.4,136.81,137.24,136.02,135.79,133.74,132.81,134.5,135.2,133.82,132.08,136.98,137.36,138.63,137.77,135.43,134.3,133.85,130.48,134.69,138.28,139.23,140.19
Papua New Guinea,PG,Kina ,PGK,3.9055,4.0194,3.9094,4.0172,4.2756,4.2498,4.3148,4.3197,4.4126,4.4726,4.4768,4.5439,4.3187,4.3898,4.4469,4.426,4.629,4.6457,4.1726,4.2023,4.1104,3.8986,3.9322,3.9305,3.9212,3.956,3.9652,4.0763,4.1197,4.0291,4.1491,4.0713,4.3332,4.1951,4.2669,4.3135,4.5982,4.5339,4.5767,4.6318,4.3392,4.3014,4.2951,4.2772,4.3725,4.3364,4.3051,4.2604,4.4008,4.4023,4.4517,4.4039,4.2722,4.2774,4.2478,4.1217,4.2488,4.3674,4.3955,4.4564
Philippines,PH,Peso ,PHP,67.06,68.02,65.718,66.5,69.37,70.9662,70.73,72.52,71.3,71.85,71.69,71.01,67.38,68.25,65.44,66.57,68.22,68.03,62.08,61.66,62.06,59.21,61.82,61.85,61.46,62.17,62.74,63.71,64.72,63.696,66.4,65.56,69.15,67.7,67.26,67.42,72.49,72.84,73.33,74.12,69.98,70.42,69.81,68.98,71.01,69.39,66.9,67.09,68.89,68.01,69.67,67.54,66.49,65.53,63.96,63.44,65.16,65.67,65.7,66.21
Pakistan,PK,Rupee ,PKR,152.44,156.33,149.99,151.86,160.842,158.4073,159.15,158.95,162.7,161.15,160.11,158.55,150.13,151.05,151.86,148.41,153.09,153.6,138.13,138.8,135.73,128.74,129.97,129.7,129.36,130.47,130.77,134.31,135.73,132.7807,137.2,134.82,142.94,138.77,140.04,148,157.17,154.51,158.58,164.5,154.2,159.75,167.09,159.42,163.33,170.63,171.19,175.57,181.39,181.06,183.78,184.44,191.1,198.25,200.8,192.14,195.05,200.57,200.59,202.47
Poland,PL,Zloty ,PLN,5.6459,5.6425,5.8229,5.5769,5.5928,5.7406,5.9159,5.8763,5.758,5.7526,6.0004,6.0382,5.7627,5.6695,5.4758,5.3878,5.7002,5.7358,5.2259,5.0777,4.9991,4.8348,5.2111,5.2308,5.0372,5.0784,4.9424,5.0802,4.8456,4.8284,4.7677,4.6414,4.8296,4.735,4.7441,4.7384,4.7638,4.7275,4.8514,4.7864,4.9169,4.9137,4.829,4.7679,4.8357,4.8828,4.8262,4.7397,4.9254,4.9917,4.9767,4.9308,4.8871,4.8089,4.7727,4.7592,4.9,4.9536,5.0127,5.0201
Portugal,PT,Euro ,EUR,1.3008,1.3481,1.3798,,,,,,,,,,,,,,,,,,,,,,,,,,,,,,,,,,,,,,,,,,,,,,,,,,,,,,,,,
Paraguay,PY,Guarani ,PYG,7198.27,7370.04,7074.19,7444.83,7993.1898,8002.4968,8045.9,8174.87,8529.88,8751.09,8561.5,8816.33,8473.06,8411.17,8258.67,7909.24,8180.39,8191.34,7319.93,7313.27,7214.37,6896.38,7205.83,7111.46,7066.02,7124.08,6979.73,7112.08,7255.74,7050.8486,7219.97,7184.21,7698.19,7430.88,7523.27,7554.26,7967.2,7805.8,7801.71,7898.71,7565.58,7514.89,7472.11,7494.06,7710.63,7734.49,7574.58,7515.16,7897.03,7937.78,8104.29,8117.04,8005.57,7815.81,7497.49,7449.44,7933.93,8335.27,8361.28,8436.83
Qatar,QA,Riyal ,QAR,5.5129,5.6148,5.3721,5.4455,5.7484,5.6682,5.693,5.6841,5.678,5.6228,5.5306,5.5403,5.2103,5.2633,5.2844,5.1629,5.322,5.3416,4.7979,4.8252,4.7198,4.4761,4.5145,4.5061,4.4938,4.5343,4.5428,4.6649,4.7157,4.6574,4.7488,4.6593,4.9392,4.7964,4.8369,4.8812,5.1786,5.0896,5.1211,5.1828,4.8576,4.7974,4.7512,4.7002,4.789,4.7013,4.6528,4.6036,4.7559,4.7566,4.8016,4.7508,4.6095,4.5995,4.5511,4.4176,4.5452,4.6903,4.7013,4.7582
Romania,RO,New Leu ,RON,5.8924,5.996,6.2343,6.1426,6.1341,6.1818,6.3641,6.2244,6.0617,5.9958,6.293,6.2583,5.9289,5.7541,5.7476,5.6174,5.8292,5.9103,5.3511,5.2497,5.1748,5.0435,5.3119,5.3574,5.1898,5.3174,5.2636,5.426,5.2655,5.2244,5.1754,4.9674,5.1982,5.1309,5.2428,5.2195,5.3591,5.2881,5.3523,5.3522,5.2772,5.3189,5.2145,5.1732,5.2423,5.2801,5.2298,5.1589,5.4649,5.4721,5.525,5.4996,5.407,5.3265,5.2934,5.1645,5.3488,5.5132,5.5793,5.6107
Russia,RU,Rouble ,RUB,98.28,96.71,90.97,78.55,78.1943,85.9022,89.2575,100.94,102.52,95.35,101.53,106.16,111.19,113.87,98.76,94.45,95.41,94.09,83.55,86.21,83.29,76.5,80.19,75.61,73.22,71.37,72.17,72.15,73.02,75.36,77.03,75.61,78.5,75.55,78.02,78.64,80,79.09,80.58,87.12,82.17,83.83,82.25,87.56,87.85,84.51,84.16,85.28,86.35,85.78,84.81,83.41,81.41,80.74,78.8095,79.94,80.11,82.29,82.46,81.81
Rwanda,RW,Franc ,RWF,1041.74,1060.79,1040.02,1030.6,1088.8619,1089.8334,1133.97,1136.09,1141.41,1138.25,1132.53,1134.99,1072.46,1101.89,1098.41,1098.36,1140.69,1150.76,1034.92,1058.23,1043.03,992.74,1006.06,1007.99,1014.58,1026.84,1035.42,1056.86,1090.68,1060.9922,1095.63,1077.85,1146.05,1124.09,1136.36,1143.69,1212.66,1198.66,1216.38,1228.43,1159.89,1151.57,1143.09,1135.82,1161.41,1144.7,1136.6,1128.3,1169.9,1174.21,1189.05,1180.81,1145.64,1150.49,1144.68,1114.38,1147.85,1188.35,1204.45,1220.21
Saudi Arabia,SA,Riyal ,SAR,5.6779,5.7605,5.5078,5.6403,5.8334,5.8918,5.8634,5.8689,5.7119,5.7981,5.7041,5.6292,5.3044,5.37,5.29,5.4015,5.4831,5.5025,4.9424,4.9692,4.8608,4.6117,4.6505,4.6417,4.6293,4.67,4.6782,4.8044,4.85,4.7495,4.8907,4.7984,5.0868,4.9394,4.9817,5.0274,5.3337,5.2424,5.275,5.3383,5.0034,4.9416,4.8938,4.8417,4.9331,4.8434,4.7943,4.744,4.8989,4.8995,4.9461,4.8935,4.7475,4.737,4.6882,4.5494,4.6827,4.8316,4.8423,4.9029
Soloman Islands,SB,Dollar ,SBD,11.53,12,11.54,11.73,12.1291,12.3076,12.36,12.43,12.41,12.35,12,12.26,11.67,11.75,11.41,11.22,11.39,11.47,10.23,10.33,10.08,9.5554,9.6678,9.6483,9.6166,9.7096,9.712,9.9887,10.09,9.8748,10.1215,9.8612,10.47,10.2,10.31,10.41,11.04,10.85,10.77,11.06,10.49,10.39,10.19,10.08,10.27,10.35,10.23,10.04,10.46,10.43,10.54,10.43,10.14,10.12,10.0277,9.7199,10,10.46,10.47,10.75
Seychelles,SC,Rupee ,SCR,21.16,21.5,20.39,20.2,21.3587,20.5511,20.57,20.38,20.36,19.68,19.91,20.01,18.34,21,19.29,19,19.38,19.37,17.39,17.66,17.23,16.37,16.73,16.52,16.68,16.83,16.79,17.47,17.68,17.299,17.59,17.33,18.52,17.97,18.19,18.25,19.66,19.32,19.26,19.57,18.38,18.19,17.99,17.88,18.23,17.88,17.74,17.51,18.2,18.2,18.39,18.17,17.6,17.55,17.4675,16.89,17.4,17.97,18,18.16
Sudan Republic,SD,Pound ,SDG,9.0274,9.2071,8.7473,8.8665,9.3579,9.2991,9.3401,9.564,9.5153,9.4121,9.2601,9.8176,8.7237,8.8258,8.8517,8.6482,8.8803,8.9201,8.0336,8.0697,7.8816,7.4793,8.0537,8.0185,7.9413,8.0009,8.3381,8.5502,8.6495,8.4573,8.7072,8.5404,9.0569,8.7938,8.8708,8.9262,9.9831,25.29,25.53,25.84,24.11,23.8,23.49,23.31,23.67,60.86,60.84,60.21,62.2,62.23,62.77,62.14,57.1,56.99,56.4016,54.71,56.32,58.1,58.24,58.97
Sweden,SE,Krona ,SEK,12.29,12.86,12.8524,13.12,13,12.9043,13.47,13.42,12.84,12.85,13.28,12.76,12.08,12.21,11.66,11.66,12.11,12.1,11.32,11.15,11.15,10.87,11.52,11.41,10.99,11.12,10.97,11.5,11.27,11.1111,10.8,10.33,10.78,10.73,11.14,11.22,11.28,11.31,11.57,11.94,11.71,11.71,11.56,11.7,11.68,11.74,11.56,11.46,11.78,12.16,12.11,12.05,12.2,12.03,11.7884,11.67,12.11,12.43,12.42,12.29
Singapore,SG,Dollar ,SGD,2.0148,2.0905,2.0407,2.0248,2.0808,2.1181,2.1359,2.1984,2.1705,2.1546,2.1651,2.1138,2.0316,2.0134,1.9282,1.9326,2.014,1.9691,1.7892,1.7964,1.7625,1.7052,1.7785,1.7859,1.7544,1.7717,1.7445,1.7907,1.79,1.7619,1.7844,1.7418,1.8224,1.7884,1.7929,1.8031,1.8616,1.8454,1.8531,1.8646,1.795,1.7894,1.7823,1.7643,1.8021,1.782,1.7537,1.7309,1.776,1.7646,1.7808,1.7649,1.7459,1.7258,1.7049,1.6781,1.7154,1.7561,1.7578,1.7713
Slovenia,SI,Euro ,EUR,1.3008,1.3481,1.3798,,,,,,,,,,,,,,,,,,,,,,,,,,,,,,,,,,,,,,,,,,,,,,,,,,,,,,,,,
Slovakia,SK,Euro,EUR,1.3008,1.3481,1.3798,,,,,,,,,,,,,,,,,,,,,,,,,,,,,,,,,,,,,,,,,,,,,,,,,,,,,,,,,
Sierra Leone,SL,Leone ,SLL,6389.71,6707.05,6476.16,6566.54,6845.8546,6554.5704,6316.34,7239.41,6805.65,6795.99,6817.97,6466.14,5909.62,5915.77,5885.85,5611.48,5764.45,5789.57,7307.2,7460.01,7317.74,6939.4,6943.41,6861.35,9220.17,9274.64,9418.67,9639.9,9679.38,9336.2574,9914.84,9692.15,10309,10075.06,10185.17,10279.11,10933.88,10770.5,10780.9,11095.77,10379.69,10626.39,10373.99,10746.79,11048.56,10846.12,10637.61,10809.79,11004.73,11222.02,11790.46,11711.52,10918.41,11336.8,11499.57,11281.34,11734.45,12281.1,12524.7,12744.27
Senegal,SN,CFA Franc ,XOF,857.713,885.432,919.71,910.64,905.4197,906.2988,944.9,921.49,898.94,890.52,928.57,907.52,857.02,843.39,843.01,823.17,850.19,853.89,785.15,772.66,763.17,735.23,772.23,777.99,757.13,772.52,757.58,784.27,759.47,745.5222,742.69,710.36,741.72,733.57,739.27,740.06,753.48,744.29,752.07,754.39,747.73,746.45,735.2,730.07,739.34,743.22,735.62,726.07,752.97,755.08,762.07,757.31,744.46,738.77,735.81,717.27,740.41,760.16,795.38,770.63
Somali Republic,SO,Schilling ,SOS,1083.26,1070.47,1011.99,1012.65,1058.0674,1089.8334,1063.14,1047.35,997.84,988.5,922.88,928.08,875.71,883.31,892.45,869.08,899.09,848.77,765.64,777.8,758.86,722.82,676.98,689.22,712.18,721,722.3,742.36,754.92,743.405,762.93,759.37,797.59,777.03,787.71,797.66,829.19,814.95,819.99,822.75,763.13,764.2,756.84,746.14,759.58,748.89,742.39,733.29,757.59,759.02,769.54,759.45,737.38,738.94,724.97,703.56,725.28,747.15,748.89,758.12
Surinam,SR,Dollar ,SRD,4.9588,5.0341,4.8682,4.9361,5.2114,5.1378,5.1594,5.1509,5.1452,5.097,5.0132,6.0858,5.7236,5.7828,5.8046,8.1358,9.3835,10.31,9.3946,9.5827,10.1,8.6309,9.0252,9.1344,9.2214,9.3817,9.4137,9.6681,9.7603,9.5332,9.7525,9.5169,10.08,9.7959,9.8803,9.9983,10.62,10.43,10.5,10.63,9.9634,9.8398,9.732,9.6276,9.8095,9.6298,9.5298,9.4292,9.7416,9.7432,9.8359,9.732,9.4411,9.4206,9.3222,9.0469,9.3102,9.6074,9.6298,9.7484
Saotome & Principe,ST,Dobra ,STD,32047,33196,12101.8,33371.22,32965.905,34006.6947,35294.94,34335.68,33443.51,33269.49,34522.83,33958.64,32140.91,31299.24,31482.63,30708.59,31768.07,31735.55,29360.6,28809.84,28449.22,27342.74,29013.53,29208.68,28309.75,28889.85,28224.8,29425.7,28397.17,28020.1619,27700.25,26741.38,27767.83,27327.8,27809.14,27911.46,27645.24,27943.2,27824.15,28153.7,28043.91,27906.6,27611.8,27418.8,27687.2,27567.2,27568.4,27119.3,28187.8,28251,28520,28316.4,27849.90,27694.6,27511.5,26596.1,27755.7,28469.1,28716.4,29017.7
El Salvador,SV,Colon ,SVC,13.24,13.48,12.65,12.63,13.5763,13.7196,13.67,13.65,13.51,13.61,13.2,13.29,12.51,12.64,12.68,12.39,12.77,12.83,11.53,11.61,11.34,10.76,10.85,10.8,10.8,10.89,10.91,11.2,11.33,11.0833,11.41,11.19,11.86,11.52,11.63,11.72,12.45,12.23,12.3,12.44,11.67,11.53,11.42,11.29,11.5,11.3,11.18,11.06,11.43,11.43,11.53,11.41,11.07,11.05,10.9398,10.61,10.92,11.27,11.29,11.43
Syria,SY,Pound ,SYP,277.01,311.92,,,,,,,,,,,,,,,,,,,,,,,,,,,,,,,,,,,,,,,,,,,,,,,,,,,,,,,,,,
Swaziland,SZ,Lilangeni ,SZL,17.5,18.08,18.4,18.05,18.5993,19.3183,19.26,19.99,20.67,20.24,21.87,24.36,24.01,22.93,22.15,20.71,23.01,21.61,18.81,18.73,17.78,17.05,17.67,17.26,16.63,16.25,15.66,17.01,16.76,16.5287,16.86,16.9,17.99,17.85,18.44,16.91,16.94,16.27,16.75,16.97,16.77,18,17.31,18.44,19.27,18.69,17.77,17.9,18.07,18.27,18.95,18.23,18.19,18.34,17.3478,18.48,18.27,18.84,19.04,18.65
Chad,TD,CFA Franc ,XAF,857.713,885.432,919.71,910.64,905.4197,906.2988,944.9,921.49,898.94,890.52,928.57,907.52,857.02,843.39,843.01,823.17,850.19,853.89,785.15,772.66,763.17,735.23,772.23,777.99,757.13,772.52,757.58,784.27,759.47,745.5222,742.69,710.36,741.72,733.57,739.27,740.06,753.48,744.29,752.07,754.39,747.73,746.45,735.2,730.07,739.34,743.22,735.62,726.07,752.97,755.08,762.07,757.31,744.46,738.77,735.81,717.27,740.41,760.16,795.38,770.63
Togo Republic,TG,CFA Franc ,XOF,857.713,885.432,919.71,910.64,905.4197,906.2988,944.9,921.49,898.94,890.52,928.57,907.52,857.02,843.39,843.01,823.17,850.19,853.89,785.15,772.66,763.17,735.23,772.23,777.99,757.13,772.52,757.58,784.27,759.47,745.5222,742.69,710.36,741.72,733.57,739.27,740.06,753.48,744.29,752.07,754.39,747.73,746.45,735.2,730.07,739.34,743.22,735.62,726.07,752.97,755.08,762.07,757.31,744.46,738.77,735.81,717.27,740.41,760.16,795.38,770.63
Thailand,TH,Baht ,THB,49.22,50.09,48.3376,48.66,52.23,52.9379,54.18,55.65,55.1,54.97,54.75,54.13,51.31,51.02,49.54,50.2,52.05,51.61,46.07,45.88,45.03,42.88,44.1,44.54,43.58,43.59,43.23,44.06,44.54,43.0529,43.83,42.68,44.85,43.65,43.47,43.87,45,44.02,43.91,44.46,42.87,43.17,43.53,42.27,42.66,42.45,42.13,41.34,41.45,40.6,41.85,41.45,40.43,39.45,38.6142,37.33,38.11,39.03,38.97,39.49
Tajikistan,TJ,Somoni,TJS,8.0863,8.3311,,,,,,,,,,,,,,,,,,,,,,,,,,,,,,,,,,,,,,,,,,,,,,,,,,,,,,,,,,
Turkmenistan,TM,New Manat ,TMT,5.2982,5.3951,4.9567,5.0857,5.2903,5.4102,5.433,5.3851,5.457,5.4059,5.317,5.3403,5.0082,5.0599,5.079,4.9621,5.1168,5.1425,4.6189,4.6377,4.5428,4.3026,4.352,4.3309,4.32,4.3708,4.3663,4.4837,4.5322,4.4326,4.5841,4.491,4.7476,4.6095,4.6559,4.7055,4.978,4.9065,4.9298,4.9821,4.6695,4.6116,4.5672,4.5311,4.6036,4.5321,4.4723,4.4377,4.5848,4.5855,4.6291,4.5672,4.4433,4.4337,4.3873,4.2457,4.3817,4.5216,4.5192,4.5879
Tunisia,TN,Dinar ,TND,2.9011,2.9642,2.9198,2.9241,3.0098,3.016,3.0994,3.0526,3.0308,3.013,3.0919,3.063,2.91,2.9,2.9059,2.8527,3.0134,3.1681,2.9314,2.9113,2.869,2.7613,2.8555,2.8659,2.8162,2.8518,2.8219,2.9516,3.1445,3.1166,3.2034,3.1268,3.3044,3.2735,3.3054,3.3252,3.4071,3.3575,3.3825,3.4053,3.3889,3.4323,3.4462,3.5297,3.6542,3.687,3.7235,3.7604,3.9515,3.9864,3.9573,3.905,3.7904,3.7509,3.6035,3.4771,3.5688,3.6524,3.6775,3.7245
Tonga Islands,TO,Pa'anga (AUS) ,TOP,1.8385,1.9686,1.9188,1.9379,1.9748,2.0493,2.1189,2.1365,2.1701,2.1428,2.1482,2.0859,2.0442,1.9969,1.8736,1.8445,2.01,1.9674,1.7602,1.741,1.7116,1.5983,1.678,1.7066,1.6317,1.621,1.6258,1.7062,1.7352,1.6771,1.6426,1.6203,1.6812,1.6807,1.7512,1.7489,1.7621,1.782,1.825,1.8272,1.767,1.7867,1.7683,1.756,1.8108,1.8244,1.7594,1.7617,1.8315,1.8231,1.8608,1.8173,1.8412,1.8389,1.7909,1.7869,1.8247,1.8821,1.8977,1.905
Turkey,TR,Turkish  Lira ,TRY,3.5303,3.7837,3.8852,4.0299,4.07,4.2361,4.1439,4.4212,4.6571,4.4807,4.3562,4.5261,4.3533,4.2359,4.1527,4.0446,4.3448,4.2619,4.0101,3.9113,3.8576,3.7755,4.2331,4.3483,4.6517,4.5838,4.5049,4.6965,4.6201,4.4702,4.5911,4.4658,4.708,4.8413,5.2343,5.1241,5.3111,5.2924,5.5173,5.7227,6.5007,6.2497,6.2738,7.8025,8.2234,7.3113,6.792,6.6678,6.9042,6.9546,7.2132,7.4924,7.7285,7.3714,7.131,6.9526,7.0764,7.4165,7.3526,7.741
Trinidad/Tobago,TT,Dollar ,TTD,9.6769,9.8131,9.3713,9.5095,10.0412,9.8754,9.9483,9.907,9.8821,9.8174,9.7452,9.7736,9.1914,9.3625,9.5488,9.3338,9.7578,9.7361,8.8227,8.8712,8.6773,8.2363,8.3841,8.3535,8.3119,8.3862,8.4532,8.6215,8.741,8.5664,8.8199,8.6705,9.1534,8.8812,8.9916,9.077,9.6042,9.4397,9.5074,9.6,9.0408,8.8959,8.7932,8.688,8.8152,8.7221,8.623,8.5339,8.8236,8.8332,8.935,8.8234,8.5564,8.5227,8.4388,8.1649,8.4105,8.6698,8.7084,8.8225
Taiwan,TW,Dollar ,TWD,47.61,48.52,46.3315,46.68,47.44,48.5758,48.75,50.77,49.99,50.08,49.88,49.17,47.59,47.64,45.86,46.42,47.77,47.32,42.2,42.1,40.73,38.72,39.51,39.61,38.93,38.28,38.03,38.96,39.05,38.5741,39.62,38.74,40.81,39.75,39.84,40.2,41.58,40.82,41.04,41.78,39.95,39.74,39.89,39.65,40.5,39.94,39.46,38.95,40.35,40.26,40.64,40.25,39.93,39.59,38.8492,38.04,38.67,39.43,39.36,39.43
Tanzania,TZ,Schilling,TZS,2685.35,2811.56,2721.7,2834.53,3180.5189,3432.9754,3377.05,3316.89,3383.32,3382.55,3266.18,3286.32,3113.64,3161.73,3173.65,3104.88,3203.12,3214.63,2884.66,2897.87,2828.07,2682.33,2702.97,2695.04,2759.88,2780.64,2788.17,2863.14,2896.69,2833.0442,2920,2863.5,3041.15,2961.28,2984.81,3008.99,3201.58,3149.37,3174.49,3238.34,3044.53,2997.52,2974.52,2952.3,3005.47,2962.67,2952.97,2907.89,3023.85,3046.53,3092.68,3020.85,2911.57,2902.88,2877.39,2788.79,2868.69,2966.71,2971.06,3003.72
Ukraine,UA,Hryvnia ,UAH,23.93,40.28,31.93,31.33,33.0054,32.7728,34.55,34.26,33.98,32.86,35.14,36.21,34.91,37.84,38.6,36.08,36.89,36.51,32.68,33.57,33.62,31.59,31.75,32.67,34,33.59,33.62,34.27,34,32.945,33.83,32.69,35.51,34.8,35.46,37.32,40.99,37.73,36.99,37.23,34.79,34.9,34.22,35.86,36.88,36.5,35.42,34.91,36.45,35.33,35.93,34.93,33.26,33.3,31.83,30.52,30.79,32.24,31.18,30.56
Uganda,UG,Schilling ,UGX,4368.3,4425.1,4300.23,4482.9,4726.5613,4927.6061,5195.35,5517.74,5690.85,5645.31,5276.03,5226.16,4969.52,4934.14,4893.27,4732.32,4901.9,4929.79,4438.35,4468.06,4384.68,4232.48,4488.42,4411.31,4443.45,4461.74,4484.78,4627.15,4668.11,4546.5499,4694.95,4606.17,4876.42,4809.69,4828.57,4846.29,5175.76,5088.2,5151.34,5252.52,4984.39,5104.86,4885.56,4827.98,5029.72,4854.93,4753.38,4671.59,4819.87,4794.5,4888.29,4871.2,4761.41,4679.98,4618.57,4476.14,4581.43,4780.49,4761.96,4787.92
USA,US,Dollar ,USD,1.512,1.5383,1.4686,1.504,1.555,1.5711,1.5634,1.5648,1.523,1.546,1.521,1.5003,1.4144,1.4318,1.411,1.4403,1.4619,1.4672,1.3178,1.325,1.2961,1.2293,1.2399,1.2374,1.2343,1.2453,1.2475,1.281,1.2949,1.2664,1.3042,1.2795,1.3564,1.317,1.3284,1.3406,1.4223,1.3979,1.4065,1.4234,1.3342,1.3176,1.3049,1.2909,1.3153,1.2912,1.2778,1.2643,1.3062,1.3064,1.3188,1.3049,1.2659,1.2632,1.25,1.213,1.2483,1.2882,1.2912,1.3071
Uruguay,UY,Peso ,UYU,37.64,38.21,37.1,39.84,41.9516,41.7173,42.86,44.41,44.94,45.41,44.85,45.19,43.99,45.86,46.83,44.65,46.14,44.85,39.75,37.83,36.94,34.5,36.01,35.48,35.43,35.42,35.36,36.42,36.53,35.8405,37.34,36.79,39.16,38.82,38.98,38.5,40.45,39.79,40.04,40.21,41.72,41.78,40.75,41.16,43.56,42.43,41.53,40.7,42.63,42.7,43.95,44.59,44.63,44.62,42.7046,44.3,45.85,48.17,48.56,49.29
Uzbekistan,UZ,Sum ,UZS,3679.6,3791.3,3647.2,3742.28,3983.9082,3957.1081,4010.71,4035.32,4070.73,4091.83,4111.73,4207.1,4030.09,4101.24,4145.4,4095.03,4260.25,4311.67,3899.2,3954.53,3894.9,3768.24,3914.96,3981.39,4012.76,4120.97,4366.28,4712.84,4947.11,4978.2946,5272,5351.22,10956.68,10613.42,10739.91,10861.1,11611.5,11438.31,11449.07,11497.55,10670.47,10387.89,10162.34,10073.96,10573.74,10621.59,10576.96,10526.07,10943.57,10963.61,11049.33,11033.44,10710.7,10781.95,10780.24,10991.42,11729,12171.55,12267.69,12459.84
St Vincent,VC,E Caribbean Dollar ,XCD,4.0882,4.163,3.9831,4.0387,4.2639,4.2036,4.2213,4.2144,4.2097,4.1703,4.1017,4.1079,3.8634,3.9034,3.9181,3.8279,3.9473,3.9614,3.5581,3.5776,3.4994,3.3191,3.3477,3.341,3.3326,3.3622,3.3683,3.4588,3.4962,3.4194,3.5212,3.4546,3.6624,3.55,3.5866,3.6196,3.8402,3.7742,3.7976,3.8433,3.6022,3.5575,3.5232,3.4854,3.5513,3.4863,3.45,3.4136,3.5267,3.5273,3.5609,3.5232,3.4179,3.4105,3.3749,3.2752,3.3705,3.4781,3.4863,3.5292
Venezuela,VE,Bolivar Fuerte ,VEF,9.5205,9.6947,9.2828,9.4086,9.9332,9.8089,9.8587,9.8418,9.8226,9.7384,9.5828,9.5935,9.0222,9.1155,9.1498,14.15,14.59,14.65,13.16,13.23,12.94,12.28,12.39,12.36,12.33,12.44,12.45,12.95,13.13,12.8465,13.06,12.79,13.78,13.15,14.46,13.51,14.21,34915.01,61780.92,84623.92,105131.14,52713.58,156392.72,320815.78,326879.5,320890.35,317617.87,314736.93,323997.96,321045.54,330277.35,324009.37,314572.93,312256.23,309432.33,301389.67,309961.4,322560,307727.09,325514.45
Vietnam,VN,Dong ,VND,32281.68,32849.11,31554.79,32294.31,34371.4662,33940.5294,34104.43,34500.36,35041.73,34412.5,34055.76,34232.62,32075.85,32263.58,32349.79,31622.35,32575.09,32719.4,29387.04,29549.25,28932.67,27422.05,28071.27,28171.79,27861.75,28335.75,28410.7,29129.8,29368.4,28780.7054,29646.75,29086.08,30830.7,29921.66,30184.94,30449.92,32300.99,31755.91,32031.87,32417.64,30384.05,30130.1,30077.44,30045.91,30656.5,30148.36,29840.32,29468.36,30301.28,30307.34,30610.43,30271.84,29590.52,29452.3,29023.36,28144.59,28976.01,29849.56,29957.34,30290.91
Vanuatu,VU,Vatu ,VUV,152.7,160.2,160.57,160.44,168.7696,169.438,173.93,171.65,178.49,173.49,174.03,171.48,160.98,163.77,160.99,155.4,162.69,164.7,145.06,145.47,142.16,134.54,138.82,138.54,136.14,137.84,137.1,142.63,144.87,139.2903,142.19,137.62,145.26,143.12,145.56,146.99,151.62,149.67,153.23,153.81,147.49,145.41,146.06,145.36,149.56,148.3,144.26,143.69,149.35,148.55,150.65,148.7,147.72,148.78,143.76,142.96,146.53,150.81,151.8,152.24
Wallis & Futuna Islands,WF,CFP Franc ,XPF,156.03,161.06,167.31,165.66,164.7139,164.8739,171.89,167.63,163.53,162,168.92,165.09,155.9,153.43,153.36,149.75,154.66,155.33,142.83,140.56,138.83,133.75,140.48,141.53,137.73,140.53,137.82,142.67,138.16,135.6254,135.11,129.22,134.93,133.45,134.48,134.63,137.07,135.4,136.81,137.24,136.02,135.79,133.74,132.81,134.5,135.2,133.82,132.08,136.98,137.36,138.63,137.77,135.43,134.3,133.85,130.48,134.69,138.28,139.23,140.19
Western Samoa,WS,Tala ,WST,3.7405,3.8857,3.7,3.6979,3.8564,3.9306,4.014,4.076,4.14,4.0118,3.9821,3.9487,3.6931,3.7707,3.7019,3.6039,3.7679,3.7333,3.3202,3.3093,3.237,3.0802,3.1525,3.1106,3.1036,3.1264,3.1471,3.2613,3.2882,3.1725,3.2201,3.1718,3.3459,3.2851,3.3638,3.3871,3.5092,3.4558,3.5216,3.5444,3.3922,3.3655,3.358,3.3696,3.445,3.389,3.3001,3.2737,3.398,3.3688,3.4273,3.3858,3.3525,3.3488,3.267,3.2357,3.3334,3.4288,3.4382,3.4754
Serbia,XS,Dinar ,RSD,159.742,163.714,168.4,166.63,166.3535,166.2619,172.94,168.5,164.51,162.77,170.51,169.37,160.71,157.79,157.83,154.24,159.11,161.06,147.73,145.39,143.71,137.98,145.21,146.63,142.99,145.91,143.14,147.74,142.06,138.3594,136.62,129.24,134.66,133.12,134.29,134.57,136.38,133.88,135.79,135.91,134.64,134.36,132.21,131.42,133.2,134.36,132.75,130.89,135.98,136.01,136.92,136.21,133.87,132.76,132.23,128.84,132.66,136.26,137.21,138.04
Yemen (Rep of),YE,Rial ,YER,325.17,331.35,317.31,321.63,339.5686,334.7735,335.97,335.82,335.12,332.3,326.84,327.33,307.35,310.89,311.98,353.8,364.46,365.4,329.58,331.32,324.19,307.44,310.09,309.53,308.75,311.49,312.18,320.58,324.04,316.9286,326.43,320.25,339.48,329.61,332.49,335.5,355.74,349.88,352.19,356.06,333.72,329.74,326.68,323.17,329.28,323,319.61,316.25,327,326.78,329.89,326.68,316.77,315.96,312.92,303.14,312.52,321.91,322.8,326.64
South Africa,ZA,Rand ,ZAR,17.43,17.98,18.1073,18.38,18.45,19.5128,19.34,20.26,20.98,20.83,21.63,22.56,23.66,22.19,21.62,20.54,23.01,21.61,18.81,18.73,17.78,17.05,17.67,17.26,16.63,16.25,15.66,17.01,16.76,16.5287,16.86,16.9,17.99,17.85,18.44,16.91,16.94,16.27,16.75,16.97,16.77,18,17.31,18.44,19.27,18.69,17.77,17.9,18.07,18.27,18.95,18.23,18.19,18.34,17.3478,18.48,18.27,18.84,19.04,18.65
Zambia,ZM,Kwacha ,ZMW,9.9177,10.47,10.82,11.06,11.4177,11.4043,11.96,12.35,15.6,18.42,18.27,16.62,15.94,16.4,16.44,13.04,14.78,16.14,12.61,13.22,12.96,12.18,12.16,12.16,12.2,12.16,11.91,11.95,12.03,11.6956,11.5,11.54,12.85,12.79,13.43,13.1,13.85,13.73,13.41,13.55,13.7,13.27,12.98,12.9,14.76,15.07,15.23,15.1,15.61,15.57,15.82,16.01,17.17,16.22,16.16,15.89,16.49,17.03,18.2,18.96
Congo (DemRep),ZR,Congo Fr ,CDF,1382.42,1418.5,1363,1388.09,1457.6063,1443.2509,1444.63,1448.5,1442.2,1433.33,1408.25,1410.37,1322.15,1335.82,1340.86,1310,1356.68,1402.64,1271.67,1313.12,1287.01,1193.65,1425.87,1440.32,1518.18,1615.09,1671.65,1780.65,1825.81,1859.1459,2024.04,2048.14,2116.73,2061.1,2092.16,2138.94,2269.98,2243.56,2260.96,2298.86,2154.65,2129.22,2115.24,2092.55,2137.37,2093.04,2071.3,2055.75,2129.1,2129.43,2149.71,2147.21,2084.3,2084.2,2064.29,2006.38,2075.37,2144.84,2149.85,2200.7
Zimbabwe,ZW,Dollar ,ZWL,547.754,557.853,533.878,541.32,571.5143,563.4439,565.81,564.88,564.25,558.97,549.78,550.61,517.84,523.19,525.17,513.08,529.07,530.97,476.91,479.53,469.05,444.88,448.71,447.81,446.69,450.65,451.47,463.61,468.62,458.3275,471.97,463.04,490.89,476.62,480.73,485.16,514.72,505.88,509.01,515.14,482.82,476.83,472.24,467.17,476,467.28,462.43,457.55,472.71,472.78,477.28,472.24,458.13,457.13,452.35,439,451.77,466.19,467.28,473.04
